"normal";"asymmetrical";"bimodal";"sharp";"flat"
0.7859;0.3795;0.4364;0.5182;0.4796
0.3504;0.0788;0.0396;0.5001;0.7272
0.4132;0.2963;0.2031;0.5944;0.7037
0.4485;0.1342;0.3335;0.5503;0.0642
0.3787;0.2553;0.1317;0.3882;0.6155
0.3816;0.5331;0.0781;0.498;0.0283
0.5935;0.2374;0.0491;0.5893;0.3097
0.4854;0.0749;0.5368;0.5277;0.1247
0.5191;0.3701;0.5602;0.4013;0.3079
0.7737;0.0604;0.0296;0.5797;0.0569
0.5446;0.0983;0.0696;0.5124;0.9505
0.8396;0.2312;0.0861;0.57;0.9063
0.7852;0.2659;0.0583;0.5534;0.6063
0.5405;0.3809;0.296;0.5215;0.6918
0.737;0.2311;0.6077;0.5173;0.5101
0.5585;0.2747;0.3912;0.4292;0.4228
0.3883;0.2174;0.7211;0.5021;0.5612
0.4616;0.2297;0.1333;0.5311;0.2612
0.4994;0.3117;0.224;0.5;0.4659
0.6235;0.1384;0.786;0.4716;0.1154
0.605;0.4869;0.1195;0.5438;0.3082
0.5882;0.1438;0.0321;0.484;0.5542
0.6632;0.0657;0.1058;0.5714;0.1763
0.3265;0.3858;0.2952;0.4718;0.3371
0.6591;0.2197;0.0818;0.4759;0.9846
0.523;0.2659;0.5101;0.489;0.3369
0.594;0.5037;0.1549;0.5221;0.8439
0.574;0.1072;0.1149;0.4949;0.2178
0.3771;0.1372;0.1116;0.4882;0.323
0.4655;0.1021;0.175;0.5496;0.5026
0.3911;0.1497;0.5358;0.4082;0.739
0.5898;0.253;0.2819;0.4682;0.0749
0.5138;0.0961;0.2458;0.5725;0.0257
0.4902;0.0446;0.4588;0.4251;0.5293
0.4474;0.0816;0.0997;0.4676;0.8248
0.4297;0.344;0.4121;0.5498;0.0857
0.6247;0.1407;0.052;0.4108;0.7352
0.3619;0.1562;0.0503;0.5413;0.8424
0.4822;0.3995;0.0507;0.4885;0.6149
0.5394;0.3132;0.044;0.4616;0.4411
0.6523;0.2368;0.225;0.4428;0.5409
0.4126;0.0961;0.0486;0.4948;0.5195
0.4643;0.3021;0.0949;0.418;0.4654
0.3361;0.1921;0.0785;0.4635;0.4834
0.4511;0.1545;0.0528;0.5299;0.7561
0.4498;0.0865;0.4323;0.4144;0.0772
0.6688;0.132;0.1661;0.5667;0.8119
0.5739;0.1954;0.5981;0.4797;0.4237
0.5126;0.1039;0.1957;0.5577;0.5229
0.6164;0.4706;0.0785;0.5219;0.4454
0.4672;0.3138;0.8199;0.5198;0.3025
0.499;0.3112;0.1963;0.5693;0.7059
0.5459;0.0831;0.032;0.3944;0.2216
0.7134;0.1236;0.3864;0.4476;0.9943
0.5905;0.094;0.2222;0.5262;0.1792
0.5601;0.0254;0.1651;0.5773;0.5198
0.304;0.2619;0.0157;0.4922;0.3523
0.5398;0.4377;0.2341;0.4986;0.4738
0.5207;0.3214;0.0921;0.517;0.6046
0.3875;0.1042;0.4045;0.5244;0.8424
0.5095;0.3941;0.1459;0.4888;0.2659
0.5199;0.2158;0.1561;0.4668;0.3921
0.568;0.6124;0.5124;0.4857;0.5812
0.5881;0.084;0.1426;0.491;0.3289
0.5399;0.305;0.2286;0.5031;0.4639
0.6387;0.1208;0.2876;0.5509;0.8703
0.5961;0.4772;0.1055;0.4059;0.143
0.6442;0.0374;0.1255;0.5073;0.5979
0.6576;0.2757;0.2593;0.5166;0.7577
0.5876;0.2015;0.1718;0.5249;0.6442
0.5541;0.2929;0.0451;0.4649;0.1638
0.3847;0.104;0.4015;0.5477;0.3963
0.4231;0.245;0.1754;0.4886;0.0035
0.3917;0.1209;0.1158;0.5441;0.1215
0.2951;0.2756;0.2803;0.5696;0.6702
0.3343;0.0641;0.4992;0.5209;0.4514
0.3889;0.3269;0.4438;0.5538;0.915
0.4303;0.157;0.0518;0.4964;0.4557
0.4922;0.242;0.1137;0.4945;0.0288
0.8028;0.6179;0.5067;0.5391;0.92
0.5428;0.2044;0.221;0.4302;0.6858
0.5005;0.1571;8e-04;0.5122;0.0115
0.5037;0.1068;0.0529;0.4953;0.0495
0.4508;0.1255;0.0367;0.4695;0.2859
0.4009;0.1924;0.0876;0.4127;0.9349
0.461;0.2388;0.0252;0.4214;0.178
0.4567;0.3261;0.0304;0.4377;0.0705
0.4619;0.0881;0.6012;0.529;0.4148
0.2768;0.1815;0.2483;0.5057;0.1667
0.5734;0.1141;0.5393;0.5351;0.046
0.7045;0.2032;0.6995;0.467;0.78
0.4193;0.0403;0.0026;0.6006;0.237
0.5774;0.4831;0.3977;0.5273;0.2701
0.5295;0.1286;0.3903;0.4298;0.6362
0.6058;0.3344;0.3573;0.492;0.4632
0.4283;0.0977;0.4338;0.5596;0.8804
0.6397;0.1373;0.1101;0.4796;0.0046
0.3075;0.1801;0.8571;0.5116;0.0263
0.4452;0.0405;0.0498;0.4899;0.7734
0.4812;0.1343;0.1352;0.5388;0.3109
0.5649;0.082;0.5693;0.5212;0.6585
0.5734;0.2362;0.0647;0.5469;0.6733
0.4901;0.0945;0.0464;0.5391;0.7558
0.3532;0.1376;0.1475;0.5056;0.8063
0.5386;0.3419;0.1892;0.5126;0.6176
0.2995;0.3851;0.262;0.3885;0.0894
0.6239;0.2579;0.0521;0.489;0.3503
0.6279;0.7659;0.138;0.6463;0.5837
0.605;0.2372;0.2293;0.5083;0.7143
0.515;0.0334;0.1066;0.5277;0.3291
0.4467;0.4973;0.0297;0.455;0.7791
0.5574;0.2581;0.1241;0.5283;0.6037
0.5806;0.0831;0.2556;0.4897;0.7567
0.5764;0.2971;0.4676;0.526;0.8296
0.3888;0.0243;0.2551;0.5285;0.3463
0.693;0.204;0.2707;0.5605;0.4428
0.3448;0.03;0.1893;0.4888;0.6013
0.6379;0.1176;0.1324;0.5051;0.1474
0.6228;0.0673;0.0055;0.5529;0.3837
0.538;0.1344;0.2102;0.5184;0.3382
0.3057;0.1661;0.078;0.4658;0.1783
0.6962;0.18;0.1392;0.5776;0.3842
0.5861;0.1776;0.4205;0.49;0.6251
0.4778;0.1026;0.18;0.5419;0.4615
0.5912;0.1714;0.2629;0.5774;0.2886
0.6917;0.4023;0.0318;0.4656;0.704
0.5633;0.0556;0.4384;0.4943;0.3805
0.5042;0.15;0.1321;0.4177;0.535
0.3166;0.6492;0.1815;0.4815;0.7876
0.6274;0.277;0.494;0.5867;0.8567
0.4258;0.0605;0.0427;0.6326;0.7052
0.6016;0.1159;0.1937;0.5234;0.88
0.6083;0.4142;0.2336;0.4406;0.4392
0.546;0.3104;0.2352;0.4807;0.1038
0.6419;0.058;0.1502;0.4752;0.581
0.4054;0.2233;0.1256;0.4494;0.1724
0.5557;0.3036;0.1977;0.5497;0.5506
0.6145;0.2186;0.2797;0.5476;0.7849
0.5337;0.1792;0.0293;0.5382;0.4584
0.6259;0.4454;0.1171;0.4406;0.7455
0.3173;0.0485;0.2068;0.4725;0.0439
0.3907;0.4961;0.192;0.5388;0.743
0.5207;0.1455;0.1079;0.4469;0.2723
0.5259;0.2053;0.0351;0.4584;0.0094
0.5603;0.4264;0.0287;0.4054;0.5996
0.491;0.0494;0.2466;0.4941;0.9474
0.3889;0.06;0.1993;0.5848;0.4722
0.5607;0.4477;0.2021;0.4128;0.4233
0.5426;0.0792;0.1277;0.5571;0.3305
0.3628;0.4029;0.2389;0.4077;0.841
0.4555;0.2437;0.7781;0.6836;0.1908
0.6372;0.6389;0.2764;0.524;0.392
0.3867;0.1832;0.2799;0.4669;0.8917
0.4741;0.2702;0.0287;0.3951;0.3297
0.5849;0.0383;0.1187;0.5072;0.0399
0.4003;0.2114;0.6585;0.4773;0.5743
0.3011;0.0629;0.0826;0.4676;0.1394
0.6475;0.1667;0.0841;0.6249;0.6172
0.6528;0.222;0.3152;0.4925;0.0286
0.4986;0.0988;0.0014;0.5061;0.5456
0.5432;0.3842;0.2796;0.3994;0.342
0.5118;0.0319;0.071;0.5084;0.702
0.5008;0.2016;0.0703;0.5854;0.9126
0.5928;0.1863;0.3305;0.5726;0.7763
0.6303;0.2098;0.011;0.4623;0.6342
0.4601;0.4159;0.2597;0.4656;0.4256
0.5403;0.2713;0.6997;0.4942;0.9616
0.5856;0.2383;0.1644;0.5718;0.7573
0.54;0.2412;0.0787;0.4838;0.0794
0.2606;0.4299;0.3802;0.5228;0.686
0.2075;0.1401;0.1654;0.48;0.2037
0.5604;0.1529;0.5546;0.4776;0.4258
0.6473;0.2252;0.2095;0.5373;0.4727
0.3384;0.4811;0.0653;0.4459;0.5619
0.577;0.4138;0.6873;0.4382;0.1999
0.532;0.1388;0.1973;0.5824;0.8957
0.591;0.3833;0.1802;0.5492;0.0284
0.6655;0.5602;0.0502;0.3925;0.9661
0.5184;0.3372;0.3822;0.4321;0.1993
0.4252;0.0625;0.2544;0.4849;0.0762
0.7741;0.1308;0.805;0.4405;0.6639
0.7909;0.1145;0.0654;0.5328;0.4802
0.6419;0.1457;0.0541;0.5447;0.3894
0.4761;0.4436;0.0538;0.457;0.62
0.5594;0.051;0.02;0.5162;0.2784
0.4318;0.0404;0.6694;0.5222;0.0546
0.632;0.0429;0.2418;0.4488;0.2282
0.5536;0.2325;0.3668;0.5454;0.679
0.2725;0.1144;0.193;0.4444;0.2071
0.4135;0.0527;0.0077;0.5552;0.9438
0.2585;0.2938;0.3908;0.4345;0.2318
0.6512;0.4746;0.1268;0.5736;0.1319
0.4651;0.0392;0.4608;0.4602;0.5904
0.363;0.2232;0.1274;0.4601;0.7985
0.4872;0.1754;0.5997;0.4943;0.793
0.5446;0.1262;0.3575;0.5345;0.6614
0.3897;0.1783;0.1704;0.4694;0.5877
0.4929;0.0551;0.2217;0.4673;1
0.4274;0.0995;0.1665;0.542;0.1095
0.5805;0.1141;0.5226;0.475;0.2678
0.7529;0.0753;0.1649;0.5916;0.1958
0.6078;0.2356;0.3187;0.4809;0.3114
0.4969;0.2164;0.0316;0.431;0.064
0.5751;0.1222;0.45;0.5653;0.357
0.6521;0.0738;0.1619;0.5254;0.9547
0.3529;0.0754;0.0437;0.4894;0.369
0.4238;0.1548;0.2712;0.4678;0.2816
0.5484;0.1594;0.6228;0.5108;0.2008
0.3251;0.6058;0.6548;0.5467;0.0686
0.6541;0.3429;0.3191;0.5374;0.8585
0.5019;0.0649;0.4592;0.5899;0.5328
0.2974;0.1738;0.0487;0.5244;0.2111
0.4168;0.2526;0.0741;0.4532;0.7512
0.4281;0.0797;0.1427;0.522;0.19
0.3873;0.0401;0.514;0.5598;0.5028
0.6864;0.054;0.0081;0.4992;0.5179
0.4828;0.574;0.0926;0.5271;0.9537
0.5135;0.2059;0.2003;0.5392;0.6502
0.3706;0.054;0.098;0.4693;0.347
0.4444;0.2838;0.1633;0.4351;0.3211
0.4755;0.5913;0.0534;0.5594;0.1648
0.3413;0.1183;0.1178;0.5165;0.3803
0.6192;0.175;0.2526;0.5313;0.7049
0.5591;0.5516;0.0371;0.5566;0.2813
0.4302;0.2454;0.1951;0.437;0.0286
0.6553;0.2523;0.1081;0.5218;0.6801
0.4981;0.0819;0.0046;0.5311;0.9797
0.401;0.219;0.4144;0.4931;0.9165
0.4498;0.0935;0.2099;0.4752;0.6018
0.2629;0.2241;0.1102;0.4423;0.897
0.6215;0.1324;0.7738;0.5033;0.5964
0.4358;0.1123;0.4988;0.5285;0.3638
0.5018;0.2481;0.0501;0.5065;0.7448
0.4674;0.1239;0.1216;0.4652;0.6272
0.6903;0.0398;0.1089;0.4477;0.0659
0.3158;0.3881;0.1044;0.4823;0.6663
0.4979;0.3984;0.5627;0.517;0.8911
0.5031;0.1532;0.2959;0.5486;0.1248
0.4998;0.3791;0.0769;0.5314;0.6351
0.4458;0.2146;0.1977;0.5656;0.9607
0.4493;0.0546;0.2817;0.5103;0.3817
0.5194;0.317;0.3951;0.4146;0.5498
0.3785;0.32;0.0595;0.4834;0.276
0.6935;0.0215;0.2835;0.4229;0.5163
0.4537;0.3836;0.0242;0.5105;0.6332
0.7452;0.2046;0.468;0.5382;0.2255
0.4238;0.5282;0.2342;0.5943;0.813
0.4903;0.0642;0.1731;0.4626;0.5165
0.2714;0.0941;0.5086;0.5075;0.4804
0.6007;0.2614;0.3977;0.5372;0.7773
0.3153;0.2163;0.0774;0.5486;0.1394
0.1283;0.5069;0.0532;0.4701;0.7991
0.3325;0.1778;0.1994;0.5683;0.9119
0.4668;0.4092;0.0756;0.4879;0.808
0.452;0.0965;0.2876;0.533;0.9871
0.4246;0.4607;0.1529;0.5694;0.5173
0.4186;0.1968;0.2144;0.481;0.7413
0.7197;0.0932;0.338;0.4314;0.913
0.4976;0.5724;0.6037;0.4944;0.899
0.5194;0.1045;0.2454;0.5923;0.0234
0.4049;0.0497;0.6494;0.5422;0.0449
0.3063;0.0998;0.0605;0.5474;0.4873
0.8438;0.1927;0.2642;0.4966;0.1323
0.6309;0.1418;0.1857;0.5252;0.9135
0.6147;0.0434;0.117;0.4977;0.6953
0.5588;0.2552;0.0726;0.5162;0.9118
0.4228;0.0067;0.2166;0.4695;0.5561
0.5053;0.1537;0.0136;0.488;0.4747
0.3873;0.3867;0.0594;0.4976;0.3111
0.6674;0.4265;0.0767;0.5457;0.9346
0.6005;0.1804;0.2832;0.4883;0.6712
0.5398;0.4173;0.2778;0.521;0.7522
0.4762;0.234;0.1215;0.4861;0.7218
0.3641;0.3925;0.1028;0.5187;0.2352
0.5182;0.0788;0.3509;0.4922;0.743
0.8079;0.4507;0.3395;0.4822;0.7148
0.6155;0.0326;0.1509;0.4988;0.6532
0.5927;0.129;0.2044;0.4952;0.6724
0.677;0.2369;0.1269;0.5325;0.9049
0.6565;0.08;0.0145;0.4221;0.5307
0.7636;0.0793;0.2418;0.5464;0.8441
0.5888;0.0857;0.0477;0.4969;0.7673
0.3156;0.1595;0.297;0.5312;0.9229
0.4263;0.0366;0.2291;0.5417;0.3884
0.5175;0.0927;0.2529;0.4846;0.6792
0.436;0.2578;0.4305;0.5025;0.292
0.5189;0.3809;0.0578;0.4267;0.4294
0.5553;0.2013;0.1985;0.5076;0.0041
0.4797;0.0354;0.3064;0.3598;0.067
0.6215;0.169;0.4397;0.4775;0.2032
0.4161;0.2384;0.3276;0.4951;0.0199
0.7048;0.2021;0.1702;0.5297;0.2496
0.3665;0.2003;0.1915;0.5554;0.3366
0.4986;0.0672;0.3528;0.479;0.1494
0.2668;0.5574;0.1822;0.4755;0.8146
0.5023;0.189;0.0519;0.5489;0.5497
0.4691;0.2587;0.2191;0.5292;0.7592
0.3851;0.2853;0.0642;0.4762;0.6555
0.2284;0.0626;0.5094;0.529;0.3449
0.4188;0.395;0.0545;0.4502;0.9026
0.5657;0.6517;0.1741;0.4488;0.6044
0.4655;0.144;0.2687;0.4871;0.2279
0.5068;0.1524;0.2809;0.5749;0.4615
0.4515;0.1733;0.1321;0.5049;0.2357
0.4479;0.1683;0.2425;0.4129;0.6062
0.3545;0.2925;0.6108;0.5093;0.5727
0.7172;0.2087;0.0423;0.5427;0.5101
0.4682;0.2765;0.0783;0.5618;0.8274
0.3783;0.3851;0.5311;0.3882;0.6968
0.6389;0.1368;0.2418;0.4902;0.4814
0.6217;0.2915;0.3565;0.4769;0.8272
0.6571;0.1926;0.2709;0.4525;0.0504
0.722;0.1177;0.1952;0.5506;0.3882
0.1646;0.0231;0.075;0.4888;0.4684
0.5825;0.1697;0.2243;0.5291;0.8101
0.6474;0.535;0.2111;0.5011;0.6141
0.5492;0.272;0.0913;0.5448;0.1761
0.3513;0.0506;0.2849;0.5132;0.7187
0.4554;0.5765;0.2164;0.4848;0.2416
0.3168;0.3109;0.8639;0.4757;0.4995
0.3637;0.2784;0.2874;0.5093;0.4573
0.4178;0.1758;0.1369;0.547;0.8453
0.7829;0.0992;0.0414;0.5079;0.4401
0.511;0.4118;0.1816;0.4921;0.4421
0.5959;0.3219;0.7298;0.5261;0.4783
0.4234;0.3008;0.2035;0.5834;0.8435
0.5191;0.1011;0.0757;0.5906;0.6883
0.426;0.0387;0.0809;0.6184;0.8351
0.3799;0.0905;0.4082;0.4223;0.6387
0.4269;0.0724;0.3733;0.5794;0.7294
0.5821;0.3543;0.1105;0.4084;0.547
0.4637;0.1888;0.505;0.3993;0.5092
0.613;0.0679;0.2237;0.5758;0.8677
0.5249;0.0954;0.0665;0.5123;0.0388
0.4936;0.1519;0.0113;0.4688;0.3294
0.3865;0.235;0.2142;0.4351;0.4048
0.3572;0.2058;0.4144;0.4247;0.6472
0.6238;0.357;0.0574;0.5271;0.2908
0.514;0.2758;0.4004;0.5214;0.4814
0.6437;0.5169;0.0659;0.4161;0.1147
0.3862;0.623;0.7057;0.5235;0.4181
0.362;0.2572;0.5079;0.4829;0.0436
0.2956;0.5663;0.354;0.5216;0.3632
0.298;0.4456;0.0092;0.5498;0.3944
0.3954;0.325;0.4682;0.4621;0.1251
0.6366;0.2413;0.0678;0.4975;0.6289
0.6544;0.1041;0.0949;0.5948;0.9822
0.5215;0.2619;0.067;0.5307;0.3744
0.5151;0.0846;0.1124;0.4899;0.5191
0.5697;0.0181;0.0386;0.4823;0.0607
0.5614;0.09;0.9417;0.4835;0.2096
0.4914;0.0479;0.4919;0.581;0.5806
0.3312;0.3849;0.3102;0.4712;0.706
0.5999;0.048;0.9939;0.4689;0.6802
0.46;0.1026;0.8908;0.4938;0.4898
0.4554;0.1343;0.9661;0.4315;0.0233
0.4362;0.2725;0.7527;0.4627;0.3769
0.2651;0.3463;0.6561;0.4593;0.18
0.381;0.211;0.9303;0.4577;0.357
0.7841;0.0964;0.8503;0.4859;0.0084
0.5253;0.0605;0.9259;0.4668;0.0465
0.2114;0.5735;0.9295;0.4145;0.8262
0.4929;0.1285;0.9157;0.4616;0.7391
0.5079;0.1685;0.6573;0.4567;0.7479
0.5888;0.3015;0.923;0.5007;0.7276
0.426;0.071;0.7006;0.4963;0.4026
0.5373;0.2679;0.9267;0.6136;0.5812
0.5803;0.1216;0.5765;0.4604;0.5934
0.7641;0.1175;0.9626;0.472;0.6619
0.6147;0.0217;0.6861;0.531;0.1441
0.3034;0.1677;0.8671;0.5271;0.7579
0.6241;0.1669;0.488;0.4925;0.3247
0.5599;0.0594;0.3998;0.4937;0.484
0.4629;0.2695;0.4045;0.4004;0.2952
0.602;0.4586;0.8425;0.4976;0.0194
0.375;0.4304;0.9444;0.4263;0.9494
0.5687;0.1812;0.8509;0.5853;0.7518
0.535;0.1617;0.7006;0.5301;0.732
0.6146;0.0878;0.542;0.5469;0.7734
0.2836;0.3091;0.9767;0.5125;0.7714
0.3151;0.0704;0.947;0.4923;0.6619
0.7787;0.0901;0.9612;0.5135;0.9481
0.5483;0.3074;0.9804;0.4871;0.4967
0.5825;0.1936;0.9275;0.5391;0.9924
0.4655;0.1877;0.8132;0.5209;0.104
0.5345;0.1739;0.5176;0.4578;0.7132
0.2157;0.3353;0.9179;0.5319;0.4629
0.6135;0.4451;0.6908;0.4978;0.6757
0.3642;0.3872;0.8377;0.5058;0.9137
0.4731;0.192;0.8665;0.5423;0.3947
0.4083;0.0369;0.8555;0.506;0.0927
0.5265;0.5507;0.2883;0.5695;0.1815
0.3826;0.0191;0.4763;0.4442;0.2674
0.4226;0.135;0.9865;0.5984;0.8583
0.5305;0.0606;0.9546;0.5371;0.7687
0.5465;0.0355;0.7213;0.5222;0.3183
0.5784;0.4666;0.6267;0.5128;0.1143
0.3659;0.228;0.972;0.5378;0.6531
0.4114;0.4391;0.7779;0.5572;0.0586
0.6134;0.0998;0.4393;0.5512;0.9411
0.46;0.202;0.5685;0.5043;0.7134
0.6456;0.1291;0.974;0.4952;0.0139
0.4223;0.0667;0.9406;0.5173;0.7732
0.656;0.1889;0.5817;0.616;0.1322
0.6801;0.2366;0.6786;0.5064;0.4975
0.5952;0.1929;0.6872;0.5541;0.3509
0.5699;0.2533;0.911;0.4392;0.4707
0.6999;0.0934;0.9647;0.4951;0.6492
0.4877;0.1371;0.7802;0.6063;0.2548
0.3188;0.2354;0.9725;0.5024;0.3279
0.4678;0.0369;0.6225;0.5077;0.2163
0.2459;0.4873;0.9284;0.4827;0.4695
0.5734;0.1273;0.6884;0.4632;0.6845
0.5201;0.0447;0.292;0.5002;0.9476
0.5141;0.081;0.6936;0.4628;0.7285
0.5715;0.0315;0.867;0.4591;0.1506
0.3793;0.093;0.8973;0.5186;0.917
0.5398;0.0813;0.9319;0.469;0.9423
0.4783;0.1169;0.9967;0.4796;0.0847
0.3859;0.0511;0.8464;0.4837;0.5565
0.2691;0.0969;0.6651;0.5294;0.1943
0.5837;0.1621;0.9069;0.4844;0.1067
0.4864;0.3735;0.8353;0.5399;0.6916
0.6958;0.2296;0.8913;0.4477;0.2861
0.3944;0.385;0.9418;0.5646;0.5088
0.6372;0.1744;0.5244;0.4397;0.8674
0.5376;0.2313;0.5204;0.4357;0.8715
0.4029;0.092;0.8894;0.398;0.1846
0.4952;0.2861;0.7019;0.4397;0.6508
0.6387;0.0478;0.9817;0.4562;0.8311
0.567;0.2028;0.6461;0.4847;0.9194
0.4546;0.4345;0.7889;0.6142;0.3752
0.4868;0.1149;0.5476;0.454;0.9548
0.5417;0.067;0.6662;0.5304;0.9534
0.6013;0.1185;0.9713;0.5514;0.7583
0.2895;0.3897;0.9863;0.4335;0.7363
0.5832;0.2268;0.9436;0.4477;0.7781
0.401;0.2182;0.4628;0.4937;0.0852
0.691;0.1473;0.2709;0.4848;0.2411
0.3142;0.105;0.5609;0.527;0.4643
0.4161;0.2619;0.7999;0.5252;0.5874
0.7094;0.227;0.8821;0.4598;0.8792
0.5765;0.1319;0.8543;0.519;0.2675
0.471;0.0779;0.9665;0.5311;0.3622
0.5757;0.2432;0.5405;0.5341;0.1348
0.3551;0.4543;0.1829;0.4811;0.9561
0.3544;0.3233;0.7315;0.4814;0.2905
0.3913;0.0716;0.9599;0.5208;0.1492
0.4674;0.0914;0.7191;0.4857;0.4236
0.4382;0.64;0.9667;0.4817;0.4013
0.3368;0.1799;0.3746;0.4346;0.103
0.7529;0.0898;0.8968;0.5606;0.5922
0.4055;0.0931;0.7148;0.5673;0.036
0.4698;0.218;0.7826;0.5339;0.6755
0.6371;0.1263;0.4705;0.4498;0.9943
0.3817;0.239;0.9828;0.5327;0.1152
0.3583;0.0899;0.6392;0.5731;0.2533
0.3896;0.2024;0.9035;0.5227;0.2477
0.5646;0.1852;0.8574;0.5541;0.4815
0.4578;0.2319;0.8932;0.5102;0.4733
0.4972;0.1907;0.9594;0.5571;0.086
0.4872;0.1736;0.9016;0.4435;0.3901
0.5376;0.0502;0.8905;0.471;0.7671
0.6008;0.927;0.6193;0.4493;0.6881
0.4953;0.0906;0.5508;0.5389;0.1266
0.3179;0.1334;0.7969;0.5242;0.7111
0.422;0.1414;0.7488;0.5519;0.6573
0.4788;0.383;0.9376;0.5286;0.2746
0.6595;0.2257;0.9781;0.5325;0.6229
0.468;0.2821;0.7132;0.5543;0.8286
0.4793;0.103;0.6433;0.4574;0.366
0.4466;0.5674;0.7448;0.4877;0.8643
0.4929;0.1021;0.8835;0.4455;0.267
0.3193;0.0686;0.8124;0.5339;0.8419
0.7354;0.2748;0.4215;0.4326;0.7514
0.5146;0.3394;0.828;0.4603;0.9445
0.5526;0.1712;0.8391;0.5316;0.8982
0.6972;0.2442;0.8364;0.5359;0.1993
0.4686;0.1086;0.8224;0.4988;0.3446
0.493;0.0201;0.8173;0.4682;0.3755
0.4972;0.2598;0.6833;0.5078;0.8974
0.7914;0.2388;0.5776;0.5046;0.6296
0.4876;0.0482;0.9287;0.5317;0.8268
0.5208;0.3489;0.9124;0.5052;0.8505
0.4663;0.2265;0.4984;0.4699;0.3727
0.6056;0.4021;0.7894;0.4801;0.1132
0.6761;0.4145;0.8898;0.4407;0.9212
0.3042;0.0743;0.8277;0.4885;0.2457
0.5211;0.1934;0.5622;0.4612;0.7285
0.3118;0.6945;0.5496;0.4508;0.5064
0.6244;0.1258;0.8704;0.4704;0.0504
0.6555;0.3014;0.9388;0.5537;0.9781
0.4955;0.0448;0.775;0.4838;0.1171
0.4486;0.4673;0.9016;0.5263;0.4801
0.6605;0.0365;0.8359;0.4431;0.6072
0.3603;0.0479;0.3096;0.5299;0.4364
0.3956;0.5581;0.6234;0.5379;0.9591
0.6876;0.1954;0.8164;0.5229;0.8944
0.6124;0.2187;0.9262;0.5026;0.5155
0.4429;0.4467;0.845;0.5101;0.4844
0.4742;0.0319;0.9858;0.5486;0.1001
0.4265;0.2367;0.8485;0.4522;0.3277
0.4143;0.2445;0.9858;0.3473;0.4907
0.6256;0.0672;0.4864;0.367;0.6249
0.4034;0.3025;0.5317;0.5618;0.0495
0.2508;0.0539;0.8239;0.5883;0.9703
0.3863;0.0951;0.6977;0.3849;0.0666
0.4296;0.5081;0.7932;0.5726;0.3623
0.3478;0.1338;0.7863;0.1753;0.1559
0.2725;0.2322;0.7501;0.4771;0.9088
0.45;0.2568;0.233;0.2648;0.1389
0.7648;0.25;0.9841;0.3925;0.4537
0.6769;0.1768;0.975;0.3676;0.275
0.5706;0.2445;0.992;0.3983;0.5531
0.3648;0.4277;0.6456;0.6163;0.2622
0.3823;0.2204;0.6189;0.5792;0.3975
0.4695;0.0311;0.8965;0.3935;0.6706
0.6357;0.1682;0.961;0.5262;0.9437
0.5698;0.2227;0.9599;0.5118;0.482
0.228;0.1533;0.9498;0.5331;0.5284
0.6097;0.2508;0.7864;0.5623;0.6576
0.6053;0.0941;0.6087;0.6089;0.9309
0.4936;0.58;0.6918;0.3017;0.6207
0.4137;0.1999;0.71;0.3358;0.5925
0.2701;0.2593;0.6164;0.1313;0.44
0.5354;0.2243;0.6992;0.4254;0.116
0.2184;0.129;0.8928;0.4068;0.5451
0.5918;0.1903;0.6798;0.345;0.1583
0.5182;0.5366;0.7666;0.349;0.6346
0.4188;0.2661;0.9663;0.6826;0.3514
0.4298;0.3241;0.6927;0.4337;0.4251
0.5418;0.5138;0.8739;0.6271;0.9279
0.504;0.066;0.9266;0.5805;0.7347
0.6546;0.3861;0.9818;0.6965;0.5911
0.5071;0.0118;0.9647;0.7443;0.679
0.4818;0.0404;0.7502;0.4619;0.2985
0.426;0.1214;0.961;0.6769;0.4149
0.3424;0.0252;0.0987;0.384;0.7633
0.4145;0.0113;0.3415;0.8343;0.9695
0.4796;0.2061;0.611;0.7179;0.3722
0.4452;0.1453;0.972;0.5037;0.2302
0.4277;0.2254;0.7659;0.6864;0.1444
0.6976;0.1037;0.8637;0.6076;0.3361
0.6926;0.5571;0.7033;0.413;0.3053
0.5879;0.4148;0.638;0.2965;0.353
0.492;0.3523;0.9357;0.4527;0.7712
0.4074;0.177;0.7981;0.6024;0.7823
0.3708;0.09;0.8976;0.3626;0.4985
0.463;0.0999;0.9794;0.5899;0.9338
0.3196;0.3926;0.9077;0.5288;0.1546
0.4966;0.2327;0.8281;0.8545;0.0077
0.6952;0.2562;0.6682;0.4371;0.8129
0.3761;0.2451;0.9911;0.5832;0.6326
0.5005;0.1093;0.5659;0.5893;0.334
0.4944;0.4481;0.9599;0.4885;0.8144
0.4139;0.5989;0.8882;0.4223;0.4618
0.4837;0.1342;0.9851;0.7135;0.6849
0.5194;0.366;0.5846;0.4071;0.8246
0.6597;0.3868;0.5501;0.5582;0.9084
0.6317;0.3066;0.749;0.3132;0.887
0.4535;0.105;0.7213;0.585;0.9209
0.4871;0.0462;0.4771;0.3684;0.3492
0.8123;0.1971;0.5941;0.635;0.8979
0.4028;0.2513;0.7945;0.4634;0.9556
0.5947;0.1423;0.2324;0.5068;0.4308
0.5028;0.1783;0.6862;0.4777;0.066
0.2937;0.3034;0.8932;0.477;0.218
0.3889;0.5987;0.856;0.6926;0.6603
0.424;0.3591;0.8362;0.4928;0.9439
0.4734;0.2201;0.6589;0.2275;0.3149
0.6839;0.1059;0.3181;0.5273;0.485
0.5583;0.0732;0.8416;0.6646;0.4363
0.7273;0.1208;0.5827;0.6376;0.0044
0.7404;0.193;0.8373;0.4766;0.1289
0.4326;0.0651;0.358;0.3887;0.6437
0.4517;0.1529;0.4469;0.4252;0.9681
0.3923;0.1629;0.6297;0.5925;0.7509
0.4497;0.2161;0.7861;0.6499;0.7275
0.5749;0.4235;0.8412;0.5039;0.1665
0.5102;0.0743;0.9554;0.3055;0.0313
0.5414;0.1728;0.6099;0.4664;0.0565
0.4423;0.0897;0.2048;0.4968;0.2659
0.5449;0.0501;0.5317;0.3068;0.6555
0.4355;0.1394;0.9764;0.4649;0.8984
0.5734;0.1677;0.9258;0.518;0.8175
0.7025;0.6039;0.4983;0.5795;0.9756
0.5557;0.54;0.8754;0.5006;0.2678
0.6569;0.3766;0.9722;0.6287;0.4907
0.4281;0.057;0.5051;0.5626;0.7754
0.5395;0.2625;0.6392;0.5191;0.2737
0.2265;0.1119;0.578;0.5472;0.1628
0.7965;0.3129;0.9858;0.545;0.6466
0.6221;0.2168;0.835;0.4693;0.732
0.5768;0.2427;0.9463;0.6063;0.6973
0.4606;0.232;0.9662;0.6586;0.1081
0.5289;0.1097;0.963;0.5316;0.2618
0.7594;0.1089;0.7841;0.5041;0.5546
0.5816;0.0219;0.813;0.4111;0.9954
0.4953;0.1271;0.6211;0.1871;0.7072
0.4117;0.0836;0.7464;0.5501;0.6941
0.3465;0.0841;0.8208;0.5462;0.0704
0.5168;0.1273;0.5748;0.2446;0.2455
0.4533;0.1478;0.7935;0.5096;0.8959
0.5049;0.4285;0.5132;0.4545;0.1573
0.5179;0.3927;0.602;0.2747;0.0867
0.5131;0.2065;0.636;0.3174;0.8008
0.5753;0.1935;0.9573;0.4205;0.0185
0.4852;0.2931;0.6825;0.577;0.3677
0.5699;0.0793;0.9661;0.7085;0.2049
0.5052;0.0504;0.4743;0.4435;0.2073
0.508;0.0407;0.3744;0.2818;0.7201
0.6833;0.504;0.874;0.4252;0.1776
0.4409;0.0494;0.9994;0.425;0.2481
0.5204;0.7508;0.9892;0.5488;0.2677
0.5383;0.0862;0.7669;0.5697;0.2817
0.5991;0.4608;0.6429;0.1427;0.3592
0.3814;0.1609;0.5092;0.6937;0.5641
0.6131;0.1223;0.6585;0.5863;0.2613
0.4575;0.0297;0.4822;0.2956;0.3049
0.6914;0.0747;0.4277;0.4421;0.0242
0.5487;0.0188;0.9641;0.5631;0.491
0.562;0.3507;0.8576;0.5946;0.5624
0.5806;0.0831;0.5862;0.5381;0.2182
0.4945;0.3261;0.868;0.6423;0.9471
0.3304;0.2798;0.8035;0.2415;0.8808
0.5739;0.4687;0.7417;0.5554;0.2498
0.2515;0.0946;0.8343;0.5109;0.2311
0.6148;0.4741;0.8637;0.5751;0.3391
0.4089;0.2657;0.9499;0.5258;0.3489
0.4724;0.2226;0.7792;0.3686;0.4107
0.538;0.1077;0.5787;0.3721;0.2584
0.6241;0.4234;0.9314;0.5282;0.9909
0.4908;0.4256;0.858;0.5592;0.2787
0.4985;0.2345;0.8815;0.4027;0.0673
0.6256;0.4857;0.6456;0.516;0.4038
0.5317;0.4069;0.8107;0.4546;0.1028
0.3752;0.1124;0.4175;0.5917;0.9982
0.3998;0.1503;0.9249;0.5732;0.6976
0.6476;0.1619;0.6567;0.4168;0.0858
0.6029;0.1543;0.7216;0.567;0.4017
0.6186;0.2309;0.9775;0.6137;0.1925
0.3435;0.0462;0.6403;0.3489;0.5661
0.3016;0.2915;0.7287;0.5328;0.4618
0.4973;0.9311;0.9435;0.4322;0.8541
0.3541;0.1993;0.8553;0.8672;0.2149
0.4315;0.1739;0.8717;0.4794;0.1011
0.3699;0.5281;0.3133;0.4449;0.6671
0.5018;0.1819;0.4733;0.5751;0.6264
0.3013;0.0448;0.9131;0.5312;0.2184
0.3529;0.2354;0.573;0.3673;0.9816
0.5983;0.1877;0.8598;0.589;0.2464
0.7373;0.2402;0.8008;0.4582;0.5245
0.4483;0.4067;0.5428;0.3337;0.0556
0.5847;0.1142;0.5725;0.3956;0.525
0.3928;0.3828;0.6556;0.4958;0.319
0.4849;0.205;0.7488;0.3809;0.5202
0.4104;0.0803;0.9943;0.7156;0.6951
0.4424;0.6088;0.8305;0.4642;0.8401
0.4932;0.1705;0.7605;0.5633;0.1222
0.731;0.3197;0.4321;0.7222;0.3611
0.5725;0.1973;0.5356;0.4469;0.1436
0.5111;0.0505;0.9076;0.3673;0.4873
0.6212;0.0473;0.8292;0.6146;0.505
0.6299;0.2947;0.3779;0.4657;0.126
0.4219;0.1197;0.6691;0.5489;0.7242
0.4928;0.1036;0.816;0.7403;0.5162
0.3945;0.4103;0.809;0.3396;0.1439
0.5234;0.1694;0.808;0.338;0.0763
0.446;0.4208;0.894;0.4834;0.6446
0.2743;0.3566;0.3739;0.3872;0.7493
0.4785;0.0235;0.5778;0.4914;0.3103
0.4078;0.1679;0.9004;0.5396;0.6274
0.4996;0.0291;0.5865;0.7248;0.6582
0.4901;0.1603;0.9097;0.6474;0.2245
0.4755;0.0467;0.918;0.6968;0.1861
0.2912;0.3286;0.8277;0.4353;0.4093
0.3837;0.0653;0.7043;0.361;0.4652
0.4058;0.2766;0.8906;0.5088;0.4823
0.486;0.3402;0.9036;0.5164;0.1427
0.4412;0.2488;0.713;0.5944;0.2748
0.3918;0.0352;0.6645;0.3322;0.7093
0.3036;0.1197;0.6778;0.3589;0.6229
0.5664;0.0839;0.7876;0.8622;0.7467
0.4517;0.1705;0.7545;0.2708;0.977
0.3195;0.1178;0.6956;0.4413;0.676
0.635;0.2982;0.3894;0.6802;0.4974
0.547;0.2371;0.8284;0.4816;0.5403
0.3759;0.1617;0.7503;0.5644;0.0797
0.6373;0.1264;0.8176;0.5592;0.8461
0.419;0.1153;0.9542;0.446;0.0364
0.4994;0.322;0.9289;0.5021;0.2595
0.4831;0.2937;0.1809;0.4523;0.219
0.6624;0.4339;0.8924;0.387;0.0317
0.2623;0.1498;0.948;0.4082;0.9432
0.6515;0.3507;0.527;0.5884;0.5823
0.426;0.1337;0.8535;0.6619;0.1307
0.5423;0.1939;0.6643;0.4571;0.9714
0.6796;0.1878;0.5475;0.6882;0.1176
0.5504;0.2676;0.8475;0.6206;0.1337
0.4067;0.1736;0.8899;0.534;0.861
0.6679;0.0493;0.9935;0.4589;0.4014
0.4768;0.3212;0.7717;0.6468;0.1
0.6216;0.197;0.2357;0.2854;0.7934
0.6151;0.0979;0.83;0.3738;0.2336
0.4935;0.0621;0.9781;0.6345;0.1836
0.3206;0.55;0.8886;0.573;0.9172
0.6314;0.3155;0.358;0.5838;0.7245
0.7801;0.1919;0.9576;0.4352;0.9269
0.5875;0.0915;0.2757;0.4632;0.3933
0.3534;0.4547;0.8865;0.3784;0.9362
0.4381;0.6774;0.7183;0.5191;0.0889
0.5348;0.1222;0.8576;0.7003;0.7688
0.5895;0.1666;0.8042;0.6799;0.5189
0.2296;0.1908;0.3883;0.4407;0.7394
0.4435;0.135;0.7;0.3721;0.8808
0.3781;0.1432;0.6469;0.6911;0.1027
0.4329;0.194;0.5663;0.5406;0.3878
0.5385;0.0736;0.9904;0.8293;0.9595
0.5527;0.0791;0.564;0.4456;0.8921
0.5548;0.3449;0.8729;0.4719;0.7631
0.3767;0.4623;0.7569;0.5096;0.899
0.4167;0.0592;0.8346;0.5738;0.3019
0.5318;0.1158;0.9541;0.4974;0.5582
0.3994;0.0921;0.7819;0.4669;0.7244
0.5454;0.198;0.5229;0.8081;0.5181
0.594;0.1077;0.5043;0.3919;0.2764
0.3826;0.3213;0.9664;0.4008;0.5109
0.461;0.4435;0.9704;0.2364;0.9118
0.4899;0.2795;0.8755;0.4626;0.0557
0.5776;0.0773;0.9887;0.642;0.1208
0.5467;0.4376;0.4622;0.5652;0.9713
0.447;0.4506;0.7295;0.3728;0.6169
0.4639;0.1145;0.3267;0.8664;0.0156
0.4521;0.1981;0.5106;0.3625;0.5059
0.6148;0.1832;0.9466;0.4157;0.2908
0.6271;0.1983;0.6889;0.6772;0.0776
0.5849;0.1272;0.604;0.2996;0.9513
0.6702;0.1175;0.9396;0.36;0.4961
0.472;0.0947;0.8311;0.7622;0.1172
0.5752;0.0832;0.7062;0.5763;0.7916
0.4822;0.2917;0.9978;0.5256;0.41
0.5767;0.4616;0.8377;0.4451;0.3045
0.6321;0.2053;0.7301;0.4656;0.2015
0.8702;0.0472;0.9801;0.5076;0.6197
0.5807;0.2019;0.5318;0.5393;0.6458
0.5435;0.7944;0.9218;0.5415;0.4849
0.3685;0.1799;0.71;0.4649;0.7668
0.5625;0.1222;0.9799;0.5954;0.076
0.4832;0.3191;0.471;0.4869;0.9953
0.3477;0.2029;0.917;0.5829;0.6846
0.748;0.0852;0.551;0.4538;0.3133
0.282;0.3111;0.4398;0.6509;0.5313
0.5403;0.1663;0.6872;0.3797;0.537
0.2526;0.3242;0.6581;0.4924;0.1365
0.5906;0.3111;0.8711;0.629;0.6212
0.452;0.238;0.8781;0.3026;0.4151
0.4924;0.2865;0.9142;0.564;0.1183
0.3183;0.0826;0.7494;0.5927;0.8148
0.5136;0.0342;0.6887;0.6738;0.9092
0.4823;0.1588;0.6522;0.6624;0.7832
0.6995;0.4617;0.5185;0.5524;0.6487
0.6819;0.1527;0.2236;0.4314;0.5148
0.4914;0.5064;0.1941;0.4831;0.6331
0.4599;0.2413;0.9732;0.6678;0.0542
0.4977;0.1002;0.9132;0.3546;0.6839
0.3348;0.1361;0.6045;0.5258;0.7762
0.4678;0.0924;0.6927;0.4665;0.3695
0.5591;0.0274;0.5593;0.5379;0.0363
0.6153;0.1632;0.4553;0.6674;0.7862
0.3933;0.1068;0.9842;0.3882;0.5569
0.2593;0.1996;0.7304;0.2819;0.6842
0.6952;0.1832;0.8434;0.5449;0.3687
0.3744;0.194;0.9075;0.5261;0.0305
0.4449;0.2008;0.8329;0.4151;0.2044
0.2315;0.013;0.863;0.4795;0.6287
0.506;0.2281;0.4319;0.5643;0.2547
0.4724;0.5357;0.9902;0.4967;0.9179
0.4592;0.2181;0.9016;0.4589;0.6215
0.55;0.1815;0.9157;0.4995;0.2361
0.3709;0.2952;0.7555;0.4382;0.5257
0.308;0.521;0.7809;0.6472;0.2964
0.7002;0.1932;0.9678;0.3235;0.4106
0.5484;0.2742;0.3715;0.2764;0.9611
0.6119;0.0516;0.8282;0.684;0.8468
0.5624;0.2652;0.6088;0.8329;0.0633
0.4286;0.1824;0.4435;0.4822;0.2183
0.4174;0.2866;0.7571;0.29;0.1931
0.4686;0.2488;0.8354;0.2422;0.5234
0.5316;0.2705;0.5253;0.3661;0.6016
0.5285;0.1817;0.8769;0.4322;0.1602
0.5342;0.0335;0.5929;0.346;0.6856
0.6339;0.1987;0.9534;0.6149;0.8761
0.4647;0.1317;0.8881;0.5913;0.3354
0.2024;0.4455;0.6644;0.5469;0.0619
0.5744;0.1628;0.5936;0.469;0.3178
0.4947;0.3786;0.5327;0.3109;0.0903
0.579;0.3174;0.4477;0.4355;0.9842
0.6431;0.2546;0.5212;0.2036;0.9475
0.3648;0.044;0.9624;0.298;0.9749
0.5028;0.3691;0.7729;0.6075;0.1825
0.5161;0.1371;0.9541;0.4072;0.2061
0.4313;0.1727;0.6845;0.5747;0.3126
0.3267;0.0844;0.9353;0.441;0.4188
0.4823;0.0887;0.8325;0.323;0.3635
0.3797;0.039;0.7194;0.5461;0.2348
0.6006;0.2601;0.7248;0.3932;0.916
0.3424;0.276;0.9678;0.2301;0.4381
0.4291;0.2137;0.9327;0.4847;0.4041
0.4259;0.4271;0.9065;0.4511;0.8053
0.4211;0.2175;0.7355;0.6158;0.6964
0.6219;0.1284;0.9428;0.3963;0.1952
0.5904;0.0991;0.7875;0.6964;0.8293
0.5911;0.2184;0.9773;0.2672;0.0402
0.7062;0.1637;0.4017;0.5959;0.1104
0.5767;0.2461;0.7731;0.4995;0.2367
0.634;0.0878;0.5805;0.4436;0.4171
0.6151;0.1488;0.6347;0.3265;0.492
0.4618;0.2149;0.8337;0.7208;0.287
0.4963;0.2154;0.794;0.2782;0.4615
0.4896;0.0784;0.8696;0.634;0.8588
0.4872;0.2113;0.7006;0.5898;0.0299
0.3652;0.1924;0.5312;0.5807;0.055
0.6244;0.033;0.5802;0.4481;0.7227
0.6077;0.363;0.831;0.6153;0.7033
0.4156;0.2962;0.574;0.5605;0.5242
0.4612;0.2727;0.6795;0.2453;0.3547
0.4249;0.0505;0.8999;0.4221;0.6693
0.3704;0.5051;0.9575;0.5573;0.8461
0.6383;0.4714;0.6188;0.4925;0.446
0.5228;0.0148;0.8815;0.3119;0.8748
0.5037;0.147;0.682;0.4302;0.3741
0.558;0.5792;0.9669;0.28;0.1271
0.4706;0.0662;0.5676;0.4798;0.1572
0.4427;0.2757;0.7634;0.6739;0.4178
0.3245;0.3897;0.5245;0.3491;0.0286
0.506;0.0839;0.8835;0.6989;0.4473
0.4382;0.0579;0.9553;0.3273;0.4622
0.519;0.0803;0.7701;0.6798;0.3772
0.474;0.2095;0.7653;0.5045;0.8764
0.5057;0.1789;0.5817;0.429;0.7482
0.7435;0.1776;0.8673;0.4685;0.5705
0.4861;0.0439;0.5213;0.6386;0.7034
0.3801;0.3173;0.5608;0.5697;0.2729
0.4029;0.1343;0.8878;0.3066;0.627
0.5099;0.163;0.4444;0.4872;0.6702
0.3161;0.287;0.7228;0.4963;0.045
0.4546;0.3621;0.6835;0.6278;0.3879
0.375;0.2757;0.496;0.4578;0.8237
0.5693;0.2054;0.8883;0.5136;0.5808
0.7424;0.3297;0.7918;0.3977;0.0229
0.4442;0.1246;0.8259;0.6756;0.9671
0.5789;0.1149;0.9328;0.5913;0.5467
0.1723;0.0651;0.4568;0.5164;0.9035
0.5364;0.1648;0.278;0.4474;0.7981
0.3686;0.3649;0.9963;0.6628;0.5242
0.6283;0.2024;0.6054;0.7463;0.3524
0.4293;0.4685;0.977;0.3599;0.4285
0.5088;0.1967;0.9047;0.5531;0.5949
0.3577;0.112;0.5727;0.5097;0.8895
0.3881;0.1278;0.7411;0.3329;0.3726
0.427;0.0631;0.7366;0.4879;0.9494
0.4035;0.245;0.6893;0.409;0.6416
0.5275;0.324;0.7493;0.5074;0.3075
0.662;0.0506;0.8685;0.9094;0.1372
0.6388;0.17;0.9245;0.4085;0.4818
0.4216;0.1383;0.8104;0.4207;0.1004
0.7022;0.2114;0.5608;0.5755;0.2459
0.5904;0.0442;0.6383;0.4769;0.9615
0.5494;0.1854;0.936;0.5766;0.181
0.363;0.3378;0.823;0.407;0.999
0.623;0.1637;0.8831;0.5642;0.346
0.3911;0.1187;0.9395;0.6883;0.5032
0.2202;0.0458;0.6323;0.3963;0.1434
0.6153;0.0998;0.9841;0.3363;0.1657
0.4064;0.073;0.8705;0.7379;0.9701
0.5857;0.2691;0.8332;0.3879;0.8293
0.7571;0.3026;0.7361;0.509;0.5798
0.3629;0.2487;0.8688;0.5335;0.8404
0.4414;0.0391;0.7672;0.5157;0.4924
0.5231;0.0793;0.9461;0.3722;0.4287
0.3251;0.2422;0.8119;0.5573;0.7299
0.5041;0.0743;0.8146;0.4554;0.6256
0.5037;0.2265;0.9544;0.4015;0.7471
0.3961;0.2589;0.7563;0.399;0.8897
0.5021;0.1528;0.512;0.4683;0.6254
0.4239;0.215;0.9877;0.1783;0.0302
0.3053;0.2523;0.7485;0.3419;0.2092
0.4796;0.5015;0.8933;0.6143;0.5158
0.4692;0.2134;0.8865;0.6283;0.5807
0.4818;0.286;0.8874;0.6494;0.3144
0.5721;0.1954;0.8237;0.7156;0.1266
0.1962;0.3794;0.4631;0.6153;0.6698
0.274;0.2405;0.7041;0.5383;0.7358
0.4679;0.3255;0.8902;0.4075;0.4868
0.3896;0.5281;0.8562;0.5106;0.0795
0.3712;0.6655;0.4043;0.3226;0.752
0.3027;0.1675;0.8481;0.5007;0.0183
0.4948;0.0384;0.653;0.5887;0.7521
0.6963;0.2266;0.7021;0.4842;0.4465
0.2755;0.0345;0.5648;0.7413;0.3801
0.3742;0.651;0.6867;0.803;0.377
0.4902;0.2637;0.8885;0.6237;0.7863
0.3191;0.0885;0.5191;0.6007;0.3757
0.5144;0.3672;0.9689;0.6105;0.002
0.3492;0.0514;0.7295;0.4972;0.8645
0.7402;0.0972;0.9936;0.5445;0.7207
0.4869;0.5255;0.8874;0.2753;0.0126
0.439;0.5009;0.9937;0.6133;0.4326
0.3405;0.2338;0.5142;0.596;0.2143
0.3391;0.135;0.7834;0.4142;0.698
0.3324;0.0321;0.9504;0.5894;0.3837
0.5496;0.1145;0.6301;0.4172;0.5162
0.5664;0.4089;0.8029;0.3591;0.6319
0.3883;0.6485;0.8236;0.519;0.3585
0.633;0.4417;0.9705;0.434;0.8593
0.4911;0.4468;0.7898;0.5463;0.7911
0.2534;0.3109;0.7309;0.3992;0.2376
0.6029;0.0859;0.8916;0.4268;0.5114
0.4936;0.0476;0.7024;0.4177;0.871
0.7013;0.1079;0.7238;0.3275;0.4146
0.4824;0.1872;0.4926;0.3662;0.2048
0.5628;0.1105;0.8276;0.7028;0.1404
0.4171;0.1499;0.847;0.5848;0.9102
0.6132;0.1663;0.7845;0.3725;0.5782
0.5387;0.0193;0.7511;0.6348;0.8254
0.4955;0.4274;0.9925;0.3;0.0332
0.6386;0.2001;0.9969;0.4102;0.1837
0.5494;0.1241;0.875;0.5522;0.611
0.395;0.4;0.841;0.3608;0.6341
0.6479;0.2692;0.8102;0.4295;0.9112
0.5191;0.4813;0.5101;0.6338;0.1845
0.6925;0.1246;0.5394;0.3797;0.9249
0.5637;0.133;0.5963;0.3936;0.958
0.5075;0.3045;0.9247;0.5313;0.1702
0.4635;0.4136;0.8839;0.6142;0.3613
0.6633;0.0255;0.4977;0.4476;0.1581
0.5023;0.1035;0.7636;0.5114;0.1666
0.4309;0.4523;0.9617;0.4185;0.0257
0.4689;0.2752;0.7841;0.5344;0.8239
0.5682;0.0817;0.4478;0.496;0.6062
0.5328;0.3543;0.8969;0.6486;0.2379
0.5246;0.2461;0.9729;0.4874;0.0691
0.677;0.1081;0.7583;0.5351;0.0727
0.4309;0.1579;0.8638;0.5268;0.3104
0.558;0.2053;0.8849;0.5919;0.4626
0.437;0.0953;0.9918;0.4774;0.3759
0.5367;0.2261;0.879;0.4868;0.9367
0.4043;0.4806;0.9036;0.2082;0.8208
0.8709;0.0492;0.8999;0.509;0.8568
0.4443;0.0729;0.7402;0.6858;0.0469
0.4512;0.1463;0.8426;0.4554;0.611
0.4763;0.1336;0.6197;0.5267;0.4762
0.6162;0.2463;0.8384;0.382;0.4803
0.3128;0.0588;0.8029;0.4581;0.7188
0.4703;0.0884;0.8133;0.4254;0.4281
0.5422;0.1596;0.878;0.4804;0.7672
0.5058;0.1016;0.7357;0.3324;0.8833
0.5732;0.1771;0.7671;0.5451;0.8419
0.711;0.2511;0.9075;0.7806;0.8644
0.4985;0.3197;0.9181;0.3833;0.1896
0.6091;0.1722;0.6108;0.3394;0.0049
0.7438;0.1534;0.9429;0.4388;0.4595
0.4022;0.5388;0.9484;0.6128;0.9295
0.5207;0.2613;0.4427;0.6037;0.8286
0.5077;0.3212;0.9247;0.3933;0.4483
0.4928;0.7016;0.9382;0.5976;0.5048
0.3843;0.4738;0.5983;0.5763;0.8536
0.4613;0.2151;0.9062;0.6998;0.5951
0.4966;0.2544;0.9641;0.3775;0.73
0.6337;0.0327;0.667;0.4727;0.7325
0.4589;0.1009;0.8785;0.3188;0.8752
0.3582;0.0261;0.7024;0.4624;0.624
0.4797;0.1096;0.6233;0.5483;0.7624
0.3584;0.2842;0.3628;0.4548;0.1038
0.5409;0.1194;0.6185;0.2761;0.9025
0.3527;0.3102;0.9114;0.6919;0.5935
0.6361;0.3055;0.8697;0.4554;0.3217
0.5993;0.3395;0.4155;0.6881;0.5828
0.5346;0.2309;0.7941;0.54;0.5016
0.6485;0.3234;0.4609;0.5565;0.9673
0.3873;0.0459;0.7576;0.5051;0.5417
0.6471;0.1275;0.5769;0.5944;0.3582
0.414;0.4868;0.8589;0.365;0.6113
0.4877;0.2516;0.7428;0.6415;0.3366
0.2124;0.0793;0.8684;0.4627;0.332
0.4539;0.0557;0.4482;0.2652;0.4934
0.3933;0.0475;0.9193;0.5102;0.7117
0.4467;0.1473;0.5801;0.4909;0.3184
0.4507;0.0767;0.5403;0.541;0.6534
0.4174;0.2827;0.2746;0.3401;0.0986
0.5696;0.0807;0.8436;0.271;0.1718
0.6521;0.075;0.5911;0.5271;0.9887
0.4285;0.3553;0.7387;0.4909;0.2932
0.2972;0.1199;0.965;0.5221;0.263
0.6201;0.125;0.9969;0.4877;0.0636
0.5445;0.3836;0.6024;0.4783;0.3545
0.4658;0.5628;0.6662;0.3574;0.9746
0.6869;0.2078;0.4668;0.3081;0.879
0.2631;0.2762;0.9869;0.4212;0.4594
0.6676;0.0816;0.7167;0.6323;0.5354
