outlier_1_side_centered_extreme;outlier_1_side_centered_close;outlier_1_side_dispersed_extreme;outlier_1_side_dispersed_close;outlier_2_side_centered_extreme;outlier_2_side_centered_close;outlier_2_side_dispersed_extreme;outlier_2_side_dispersed_close
9,7502;1,8607;8,1502;3,0432;9,6883;1,7272;7,979;2,3497
9,5077;1,7183;7,9731;3,041;9,6741;1,9353;7,9856;3,8257
9,8982;1,9286;9,7169;2,6942;9,7818;1,8933;9,674;3,7024
9,9219;1,5671;8,0295;3,4066;9,6225;1,6529;7,8136;3,3048
9,9028;1,7645;8,3768;3,8554;9,977;1,8118;9,1932;3,4919
9,6332;1,6278;9,8041;2,3462;9,7772;1,6484;8,3147;1,5327
9,6294;1,8075;8,4419;1,7357;9,6729;1,523;9,8633;3,7773
9,6707;1,6021;7,1281;2,3571;9,6097;1,6963;7,7244;1,6894
9,6217;1,939;7,2909;2,1;9,6757;1,9739;9,8984;2,3015
9,6011;1,7057;9,107;1,9232;9,8817;1,9477;7,4589;4,0917
9,9212;1,5316;8,4977;2,5396;9,649;1,7514;8,0892;3,5384
9,7006;1,8962;7,9489;3,9238;9,964;1,8494;8,455;2,6463
9,8816;1,8579;9,5542;2,1682;9,7702;1,851;8,9195;2,1868
9,9855;1,9137;9,0979;3,1549;9,559;1,9958;7,4758;2,8378
9,5439;1,8877;8,9216;1,9627;9,897;1,8979;9,241;2,4692
9,7304;1,5341;8,3525;3,7191;9,8002;1,9582;9,3781;2,374
9,6687;1,7955;7,5199;4,3202;9,6019;1,803;9,5356;2,2077
9,5336;1,6148;9,0862;2,8652;9,7206;1,6334;7,9249;1,5796
9,9571;1,821;9,4128;3,1243;9,5262;1,9106;9,7367;4,1887
9,895;1,7302;7,1972;3,8192;9,9754;1,9289;7,4313;1,6307
9,5549;1,6081;7,4781;2,7873;9,6501;1,901;9,0068;3,4634
9,6384;1,5581;7,1997;1,9947;9,9207;1,8861;7,7452;2,48
9,7135;1,9372;8,2312;1,6342;9,5608;1,65;8,3879;3,6896
9,6452;1,8872;9,1391;2,6942;9,9809;1,6432;8,6755;2,5208
9,8003;1,7787;8,366;3,5831;9,637;1,7918;7,8334;1,8172
9,7267;1,832;7,1298;2,0597;9,5241;1,9904;7,9334;4,0507
9,8235;1,5326;9,5987;3,1058;9,8899;1,7392;7,6636;2,0825
9,606;1,6869;7,277;4,0202;9,7611;1,7742;7,5341;3,3801
9,7059;1,5914;9,8086;4,2684;9,8501;1,9867;9,7285;1,8592
9,7948;1,6812;9,6395;3,5632;9,9663;1,9074;7,1056;2,9608
9,8755;1,823;7,7168;3,822;9,5045;1,5584;9,4934;3,4136
9,9327;1,6611;9,1546;1,821;9,6187;1,7887;9,9431;2,6379
9,6445;1,559;7,9041;2,6426;9,8346;1,9676;7,4331;4,1677
9,7345;1,6483;8,2623;1,639;9,7575;1,5321;8,7314;1,7007
9,8705;1,9253;8,744;2,2056;9,7804;1,7854;9,1135;3,954
9,9094;1,5854;8,535;4,1531;9,5856;1,8469;9,2259;2,5365
9,5208;1,7578;8,5814;3,9578;9,707;1,6879;8,674;3,3002
9,5196;1,565;9,9025;2,9847;9,8731;1,6387;7,7013;3,8781
9,8201;1,5463;9,8981;2,9614;9,5466;1,815;9,6637;2,2537
9,8061;1,6452;9,6506;3,3268;9,845;1,7632;7,9981;2,2999
9,9088;1,6758;8,7944;3,3199;9,982;1,9731;7,5246;4,1142
9,6135;1,9443;9,9263;1,7856;9,5967;1,6398;7,226;2,5858
9,7;1,6994;7,1;3,3626;9,7298;1,8035;8,446;2,1123
9,5803;1,9442;9,7253;1,611;9,6842;1,7162;8,7202;4,0997
9,5881;1,7065;7,8437;2,5927;9,8418;1,8336;8,2476;2,0492
9,5618;1,7082;8,3562;3,3861;9,7938;1,989;7,0721;2,6149
9,7434;1,6368;7,8863;3,1792;9,6861;1,6854;9,27;3,7535
9,7886;1,5037;7,3068;2,7216;9,5308;1,5318;9,0763;3,2064
9,5733;1,5955;9,0964;3,3843;9,6037;1,7171;9,1428;3,5772
9,7061;1,5232;8,6924;2,1997;9,7598;1,7485;7,7728;3,1557
9,7631;1,7483;9,2614;2,0233;9,888;1,5383;9,6751;3,7067
9,8692;1,7486;7,854;3,0835;9,9023;1,8606;7,8898;1,6148
9,9158;1,7971;8,1213;2,8401;9,8112;1,8178;9,383;1,5404
9,6574;1,5289;8,4807;3,8532;9,9991;1,5475;8,2194;2,7236
9,721;1,5135;9,4174;2,2966;9,7821;1,8315;9,5067;3,2036
9,7925;1,9476;9,0008;4,1732;9,8594;1,8331;8,5051;2,0735
9,9109;1,5478;8,496;4,3177;9,6284;1,8747;9,1007;3,446
9,8066;1,7098;7,9491;3,4589;9,8058;1,5607;7,1557;3,1663
9,9599;1,9203;8,34;1,8295;9,934;1,811;8,2376;4,4471
9,8451;1,7758;7,2951;2,463;9,6976;1,6713;7,2028;4,3172
9,9027;1,8814;9,5508;2,737;9,9578;1,8969;8,7849;4,2327
9,8674;1,5921;8,6759;3,8382;9,9863;1,9338;8,9442;2,2119
9,6761;1,6334;9,3699;1,7117;9,605;1,5502;9,253;3,3289
9,9547;1,589;7,1809;2,865;9,9291;1,8997;8,2585;4,2054
9,783;1,7699;7,968;3,3925;9,6506;1,6654;9,2421;2,5019
9,678;1,7376;7,231;4,262;9,8996;1,7722;7,5299;2,4407
9,5862;1,8601;7,1075;2,1577;9,8511;1,5531;7,0408;2,1577
9,6816;1,7739;8,7269;4,0406;9,5566;1,7381;9,9336;3,7632
9,9523;1,6843;7,5631;2,4484;9,5966;1,6234;7,8784;3,4302
9,6266;1,8745;9,9695;3,5339;9,8524;1,5223;8,2064;1,8668
9,9422;1,9902;9,4096;4,3887;9,8123;1,8281;9,5542;2,0574
9,6615;1,6278;9,0862;2,2069;9,9939;1,7886;7,0381;1,745
9,7118;1,8392;7,9148;3,2974;9,6784;1,8238;7,6674;4,4352
9,836;1,8219;7,9717;3,8812;9,8654;1,6316;7,8337;2,7213
9,9628;1,6257;9,5043;2,9162;9,5152;1,6468;7,7985;2,3157
9,7488;1,7997;7,1892;2,5324;9,7774;1,9102;8,1572;3,8071
9,798;1,5034;7,7039;1,5192;9,6568;1,6272;9,7391;2,3676
9,6636;1,8017;8,7868;2,5658;9,9739;1,5608;7,6548;4,0974
9,5468;1,5273;7,4865;3,8378;9,7706;1,5503;7,6176;3,945
9,5396;1,6313;7,8058;4,4113;9,8126;1,705;7,932;2,9272
9,6306;1,9485;8,4167;4,1078;9,7129;1,9586;8,1248;1,8355
9,7978;1,878;8,7135;2,63;9,8;1,8229;7,1873;3,6667
9,9177;1,9361;7,6065;4,4308;9,6486;1,6168;9,6573;3,645
9,6117;1,7516;9,4293;2,9997;9,5667;1,9558;9,9574;2,9306
9,8165;1,8608;8,3362;1,8089;9,6746;1,8329;7,7456;2,5038
9,7011;1,9203;9,2781;3,4015;9,9561;1,5401;7,9432;2,3548
9,7225;1,7334;7,9228;2,7107;9,5495;1,6749;8,8993;1,6538
9,982;1,5648;8,9494;1,8834;9,8954;1,878;9,5373;4,4615
9,7257;1,9136;9,2798;2,8063;9,9506;1,5092;8,3509;2,0843
9,5129;1,794;7,5083;2,7692;9,7089;1,7556;9,9245;2,3131
9,6682;1,7036;9,2577;3,8841;9,6172;1,9556;7,4386;3,7422
9,5788;1,8473;8,4346;1,8067;9,9675;1,6296;7,7287;2,0536
9,682;1,6554;8,5878;1,7162;9,7388;1,5672;7,4716;2,6536
9,6021;1,7221;7,7249;2,5369;9,5422;1,512;9,1604;4,3552
9,5038;1,7623;8,7442;3,6113;9,9588;1,6601;7,5561;2,2746
9,9772;1,7426;9,8732;1,8433;9,613;1,6467;8,6202;3,1771
9,9506;1,8347;7,671;2,9499;9,9934;1,9675;9,2741;2,6148
9,7723;1,6188;7,4625;3,7313;9,7801;1,6771;9,7246;3,9962
9,8561;1,8242;7,3325;3,8622;9,8308;1,6905;9,1125;3,7153
9,8888;1,6637;8,4771;3,943;9,9931;1,816;8,3278;4,4073
9,8736;1,5556;9,9664;3,1897;9,8983;1,7608;7,3011;2,5387
9,5777;1,8101;8,2941;3,5325;9,9385;1,6938;8,5628;2,0646
9,8984;1,9166;7,3935;1,741;9,7096;1,5715;7,9038;1,7957
9,5341;1,9793;9,9247;2,4681;9,7125;1,5535;8,6464;2,342
9,9509;1,9528;8,4146;4,4244;9,7231;1,6924;7,4146;3,4909
9,7575;1,6927;7,6187;2,022;9,8777;1,6663;9,1353;3,4387
9,8557;1,9574;8,1472;3,7508;9,9624;1,7252;7,823;1,5189
9,5216;1,8398;8,9998;2,5513;9,9031;1,8372;9,8802;4,3739
9,7344;1,7219;9,1272;3,3326;9,7497;1,964;9,7154;1,8077
9,5662;1,512;9,3981;1,8619;9,9413;1,8518;9,0741;2,6395
9,8641;1,69;8,2391;3,5412;9,93;1,7414;8,7381;3,6835
9,8359;1,5437;9,5672;1,531;9,8085;1,5277;7,7148;2,5375
9,9688;1,8458;8,4181;4,4909;9,7665;1,9408;9,2441;3,9265
9,7572;1,7746;9,9493;2,9003;9,838;1,9414;9,8717;2,2423
9,757;1,7309;8,6987;3,8415;9,637;1,8942;7,9985;3,6553
9,8759;1,6939;9,0858;2,3876;9,8534;1,7827;7,6113;4,3454
9,9684;1,7946;8,4348;3,2211;9,602;1,7993;9,1598;3,4009
9,8296;1,784;9,5336;3,9352;9,6291;1,8172;9,0986;2,5417
9,5441;1,8393;8,7941;1,7438;9,598;1,8494;8,4693;3,42
9,5894;1,8212;7,6728;3,0007;9,7584;1,9756;7,4074;1,8266
9,7846;1,9296;9,4352;4,0233;9,9387;1,7738;8,1685;4,126
9,5062;1,6482;7,3404;3,2108;9,7836;1,7017;9,8907;1,8472
9,9032;1,626;7,9847;3,2805;9,7615;1,5718;7,2339;2,5424
9,9961;1,7584;7,0248;3,0143;9,7137;1,5935;8,2597;3,3209
9,7587;1,852;7,9069;3,8987;9,8483;1,962;9,7528;2,7515
9,6272;1,8647;9,0137;2,306;9,7222;1,9188;8,9751;3,3808
9,9367;1,5794;8,8369;3,9559;9,5601;1,863;8,4845;4,4038
9,6912;1,8206;9,1106;2,5011;9,6713;1,5936;8,9053;2,6603
9,9964;1,634;7,0919;3,1092;9,8775;1,901;9,2623;4,4565
9,6264;1,6478;8,2898;1,6401;9,7527;1,6211;7,7604;2,3826
9,5408;1,5977;7,553;2,3726;9,9278;1,6757;7,8125;2,9538
9,8285;1,893;9,3739;1,7344;9,9012;1,8464;8,6618;2,852
9,5316;1,9242;9,6126;3,5798;9,5385;1,8975;8,3021;1,585
9,6961;1,5608;9,4632;4,4072;9,8739;1,9329;8,1237;1,5886
9,5383;1,7694;7,6195;3,3309;9,7068;1,6362;9,161;1,8069
9,8378;1,9448;7,2295;3,2551;9,8575;1,5689;7,5076;4,4363
9,928;1,6556;8,9029;2,2428;9,5253;1,6474;8,5806;1,9031
9,6438;1,5018;9,7363;3,6182;9,8524;1,6245;9,7889;3,173
9,5641;1,9221;7,5554;3,474;9,967;1,5058;8,2021;2,732
9,7242;1,9024;8,6523;1,6322;9,9136;1,9093;8,7972;2,6362
9,524;1,6098;9,9883;2,7683;9,5447;1,9465;7,5328;3,0181
9,6506;1,7842;7,045;3,2412;9,804;1,8148;7,7545;1,7157
9,9902;1,5451;9,5748;1,8268;9,7479;1,6707;9,0542;3,5916
9,553;1,8944;7,9139;1,605;9,9031;1,5851;8,6371;2,6999
9,514;1,7546;8,5087;4,2545;9,6126;1,6523;9,6353;1,5619
9,7745;1,6281;8,0749;3,5736;9,9088;1,8167;7,0511;2,9556
9,886;1,724;9,6574;1,5768;9,954;1,5666;9,1899;2,0588
9,6081;1,8256;9,7522;2,621;9,8234;1,517;7,6294;3,9521
9,8674;1,9242;9,0008;3,2701;9,5879;1,6725;8,9482;2,5243
9,6642;1,5784;7,2741;4,4138;9,9288;1,9366;9,1355;1,6579
9,8754;1,9034;7,403;2,4309;9,517;1,556;7,2777;3,7651
9,8359;1,9001;7,264;3,0781;9,5982;1,9136;7,4784;4,1709
9,675;1,9997;8,4576;2,2849;9,9436;1,7325;9,5635;1,876
9,8453;1,6166;7,5585;3,8651;9,5529;1,8077;7,8919;2,9646
9,9252;1,849;9,988;3,9426;9,673;1,6979;9,3093;1,881
9,9329;1,7389;9,482;4,0787;9,5378;1,7968;9,114;1,677
9,572;1,8961;8,2586;3,685;9,9722;1,5123;8,805;3,3431
9,7353;1,5722;9,3272;4,3172;9,5783;1,6271;8,0563;2,9298
9,8116;1,9493;7,2869;4,0117;9,5717;1,7142;7,0302;4,4573
9,6721;1,8435;9,928;2,3649;9,8229;1,8123;8,1618;2,4812
9,7876;1,8455;7,228;3,7291;9,9156;1,9515;8,3689;3,9932
9,9375;1,6151;9,4999;1,9934;9,6839;1,7395;9,8335;2,296
9,7825;1,8205;7,5222;2,6508;9,7978;1,8293;7,0403;2,315
9,8819;1,8744;8,6933;2,1585;9,9628;1,8693;7,5944;4,0001
9,816;1,9408;9,6306;3,0147;9,8403;1,7676;9,5666;2,2925
9,8057;1,5135;8,6879;3,0584;9,6823;1,6629;7,1239;3,7493
9,9321;1,9182;9,0183;3,1276;9,8543;1,9082;7,7768;2,658
9,8533;1,8505;7,369;2,3187;9,6623;1,9057;7,2944;2,9855
9,5438;1,9675;7,9716;2,2427;9,8558;1,9316;7,3695;3,4429
9,9372;1,7527;7,0298;3,6722;9,8524;1,5211;7,4838;4,4466
9,9583;1,9581;7,462;4,0092;9,7523;1,5532;7,6158;2,2692
9,6797;1,6254;9,3635;2,3572;9,7448;1,7374;8,3269;2,4455
9,8822;1,7689;9,5636;2,9683;9,9424;1,5132;7,5199;2,6478
9,8492;1,5652;7,5239;2,6507;9,5072;1,6447;8,7918;2,9871
9,5815;1,6332;9,5433;2,8296;9,7125;1,896;8,2565;2,3228
9,713;1,6601;8,2668;4,2084;9,525;1,5443;7,0006;2,258
9,9009;1,7955;9,5334;3,2771;9,8624;1,7479;7,2501;2,463
9,6465;1,6122;9,5666;2,9351;9,5826;1,6659;8,3588;2,7559
9,9926;1,6582;7,5852;3,6428;9,9217;1,9298;8,0294;2,2705
9,7442;1,5001;7,3971;3,7824;9,7167;1,7162;7,6319;3,3341
9,9382;1,8343;9,3659;2,7613;9,5777;1,7872;7,5069;4,2012
9,557;1,7589;7,4892;3,1627;9,7068;1,6771;8,31;3,7399
9,9894;1,9446;8,8358;3,0442;9,9558;1,8886;8,1053;3,9719
9,5086;1,7691;9,1878;2,1115;9,9668;1,8123;8,0579;1,7645
9,5216;1,8343;8,8521;3,7252;9,6612;1,5289;7,6309;2,2691
9,7146;1,6156;9,4099;4,4939;9,8919;1,683;7,1853;3,9648
9,5591;1,7508;9,1845;1,5347;9,6948;1,6219;7,8631;4,4967
9,635;1,7524;7,9948;3,0637;9,5327;1,5218;8,267;3,2936
9,6487;1,8362;8,8046;2,3946;9,8053;1,704;8,2153;2,915
9,6855;1,7614;9,833;2,8816;9,6538;1,7403;7,5776;1,6877
9,8066;1,6317;9,5982;4,4864;9,711;1,5181;9,1635;4,347
9,7029;1,8161;7,0268;2,7352;9,7295;1,718;8,5448;2,8956
9,82;1,8915;7,1308;3,9128;9,6564;1,7848;7,071;2,4379
9,5656;1,7264;7,395;3,9414;9,779;1,7291;7,1325;3,151
9,7601;1,945;8,6727;3,374;9,5884;1,8376;9,6498;2,0325
9,513;1,9766;8,7155;4,2248;9,8449;1,7766;8,4714;2,3237
9,657;1,8728;7,921;3,5132;9,8913;1,6161;8,2131;4,374
9,5702;1,5287;7,8371;1,8295;9,5685;1,6671;8,6808;3,7514
9,9622;1,9219;7,096;1,5977;9,6245;1,6741;8,763;2,3264
9,9521;1,6532;7,5488;3,8774;9,7338;1,8204;8,0757;3,2621
9,9953;1,8422;9,1266;1,5474;9,9927;1,9708;7,6284;4,3235
9,7585;1,5545;9,0964;4,2916;9,8822;1,8704;8,8968;2,6027
9,9417;1,6911;7,8229;4,4279;9,7691;1,6982;8,5343;4,4392
9,9317;1,7131;8,6919;4,067;9,5447;1,6904;9,7834;2,1673
9,8561;1,9031;8,097;1,7184;9,5747;1,8108;8,7634;2,8041
9,8478;1,5381;8,511;3,0418;9,6623;1,9029;9,4809;2,4058
9,5635;1,6389;8,8616;2,8365;9,7083;1,8676;7,1139;1,9721
9,5406;1,796;8,419;2,922;9,9307;1,7238;8,9481;4,3772
9,7221;1,5459;8,6211;3,5375;9,9718;1,9273;7,2801;3,3222
9,7046;1,918;9,0959;1,7545;9,5634;1,6264;9,8759;2,8629
9,6512;1,9321;8,7703;2,0091;9,8256;1,9236;7,6934;2,9523
9,7007;1,708;8,4343;3,014;9,8985;1,8367;7,0098;4,0147
9,8901;1,8304;9,283;3,6615;9,6341;1,5999;8,7876;1,9527
9,8857;1,6478;9,8605;4,1512;9,696;1,8728;8,9656;2,7911
9,7129;1,7325;9,3089;3,8371;9,706;1,6512;8,5529;2,4267
9,6787;1,7689;9,0927;3,6543;9,597;1,828;8,7793;2,6359
9,8622;1,9509;7,3521;2,3819;9,5695;1,6065;7,5514;3,9112
9,6662;1,8887;7,8882;3,1021;9,9205;1,5773;7,293;1,7138
9,6251;1,6081;8,5628;3,9219;9,989;1,8115;9,126;3,5395
9,8109;1,7241;7,2453;4,4253;9,8778;1,6071;7,0429;3,1811
9,6308;1,544;8,1802;4,1634;9,5542;1,6592;8,6723;3,1826
9,7211;1,6419;7,9763;4,2409;9,8003;1,6054;8,9937;1,6494
9,638;1,7358;7,2616;3,9675;9,7345;1,7858;7,7552;1,8579
9,9119;1,9032;7,2089;3,3652;9,8414;1,8879;8,1076;3,6921
9,7352;1,6639;7,0991;1,9224;9,5746;1,7686;7,0956;2,5572
9,6079;1,6031;7,6746;3,9486;9,5314;1,6987;8,7754;2,6245
9,5593;1,8848;9,667;1,5;9,6373;1,7418;7,1568;1,7675
9,5425;1,5756;8,9117;3,6471;9,6918;1,6062;8,8836;3,029
9,9173;1,5322;7,258;4,0743;9,7548;1,9805;9,3118;3,8661
9,7547;1,6245;9,8594;2,8647;9,6618;1,8468;8,6967;2,9596
9,5938;1,5475;7,9428;4,4233;9,8075;1,6123;8,1785;4,0058
9,6428;1,5141;8,5261;4,0489;9,5874;1,862;7,7038;4,0601
9,9738;1,5219;7,3937;2,9328;9,8378;1,5437;9,2359;3,6082
9,5651;1,629;8,1512;1,5027;9,7937;1,9939;7,2529;3,2587
9,8619;1,6196;9,8461;3,0827;9,9873;1,8527;8,7021;2,4336
9,9828;1,8879;8,8208;3,5839;9,6525;1,9014;7,477;1,6362
9,7974;1,5246;7,1468;3,5117;9,6423;1,8306;9,6169;4,1189
9,9917;1,7425;7,5032;3,1605;9,9626;1,7672;7,3697;4,4329
9,6753;1,6235;9,7857;4,4954;9,6653;1,7024;7,325;3,3056
9,6261;1,9461;8,2771;2,4917;9,7079;1,7396;9,298;4,2449
9,9619;1,5039;8,9083;4,1507;9,8664;1,5527;7,2543;2,858
9,9466;1,6793;8,7989;1,9219;9,8459;1,9102;8,443;4,2844
9,6648;1,9773;9,8991;1,5157;9,6362;1,7455;7,5096;2,8464
9,7859;1,8117;9,7368;1,6089;9,8448;1,6841;7,8447;3,279
9,9671;1,869;7,1323;1,9969;9,9736;1,551;9,0247;3,8213
9,9221;1,5286;8,2422;2,6171;9,7658;1,8906;8,1093;3,5187
9,8009;1,7174;9,1811;2,8886;9,5234;1,719;9,5722;2,1253
9,9937;1,5087;8,9543;3,2599;9,8459;1,5179;8,4478;2,7302
9,6501;1,7814;7,4229;2,9335;9,5914;1,5074;8,9408;1,5033
9,9364;1,8826;7,1982;3,0319;9,7392;1,7788;7,2882;2,6085
9,5203;1,6793;7,9607;1,6882;9,5888;1,5383;8,1503;4,2668
9,7339;1,6404;7,3769;3,4717;9,871;1,7326;9,5243;3,2436
9,9647;1,6223;7,4358;1,9603;9,9382;1,5686;8,8063;3,2543
9,9948;1,5786;9,8397;4,0062;9,9474;1,81;8,7155;2,7353
9,8072;1,9217;7,3042;3,9281;9,6257;1,5678;8,2593;3,7173
9,8;1,5865;9,5952;2,6476;9,6045;1,5032;7,4909;3,8702
9,5823;1,9231;9,2287;3,823;9,7882;1,8251;8,7628;3,5283
9,6797;1,5844;7,503;4,2578;9,7831;1,9742;9,0476;2,8621
9,9041;1,8306;9,8958;3,6136;9,9366;1,5913;8,8814;3,2628
9,8792;1,8926;8,1298;3,9176;9,5882;1,5215;8,9805;2,1252
9,929;1,655;8,7526;3,3218;9,8827;1,6299;7,8105;2,1528
9,7425;1,5995;7,5767;4,4511;9,8753;1,7731;7,232;4,2267
9,5926;1,7611;9,1453;2,8338;9,5595;1,81;8,3487;1,796
9,5132;1,9847;9,9543;4,0262;9,9446;1,7894;8,4159;2,9858
9,9774;1,9417;7,862;3,2859;9,8625;1,7428;7,0493;3,7492
9,7017;1,7318;7,1296;3,0292;9,625;1,6652;8,0743;1,7813
9,9607;1,9972;8,2987;4,1444;9,6134;1,7759;8,4347;2,9149
9,6069;1,8722;9,4679;2,2876;9,7825;1,9195;7,5123;4,1423
9,9774;1,7308;7,3024;1,539;9,7899;1,5599;8,466;4,4859
9,8506;1,6687;8,1943;2,1396;9,9488;1,9336;8,7298;3,3669
9,9789;1,6996;9,7003;1,5002;9,9327;1,6601;7,5477;1,976
9,6923;1,5151;8,3771;4,091;9,9707;1,9988;8,1938;3,1618
9,9516;1,6209;8,5724;2,4481;9,7931;1,7908;8,926;4,4953
9,6751;1,8368;8,5932;2,0058;9,5852;1,7878;9,3998;1,8403
9,6931;1,8584;7,532;2,5549;9,8443;1,7176;9,3604;2,7099
9,9901;1,6118;9,1288;2,874;9,7275;1,6729;9,221;2,048
9,9869;1,9066;9,4131;2,2093;9,7988;1,909;9,3924;3,406
9,8483;1,5726;9,8357;3,5297;9,8649;1,7914;8,6445;2,9307
9,6618;1,5834;9,1672;1,697;9,6129;1,6479;7,9415;2,997
9,5189;1,5452;8,7684;3,0215;9,8978;1,9483;7,4096;3,12
9,8773;1,8201;7,5115;1,6829;9,7992;1,9626;9,858;2,2584
9,8563;1,6832;8,2491;1,7109;9,6536;1,5596;7,3737;4,2571
9,7596;1,6648;8,3364;1,7924;9,8017;1,5327;9,2797;3,8167
9,86;1,7199;9,1182;1,7078;9,9204;1,839;7,4427;2,7434
9,9348;1,5426;9,4792;3,0947;9,7753;1,7739;8,1873;2,3457
9,5818;1,982;9,0408;3,3126;9,9911;1,9993;7,1343;3,3739
9,9037;1,7164;8,6164;3,2987;9,7254;1,884;7,2463;2,8512
9,7189;1,6198;7,8386;1,5535;9,8837;1,9176;9,7362;4,3863
9,9107;1,8227;9,4246;4,2761;9,6139;1,9931;7,8268;4,3625
9,7814;1,7128;7,3507;3,5331;9,6311;1,6347;9,3072;1,7321
9,7516;1,6804;8,9859;3,6618;9,5468;1,8627;8,7851;2,4539
9,7165;1,6598;7,9633;3,5155;9,8133;1,6953;9,8985;2,7149
9,57;1,5787;9,8356;1,6258;9,8505;1,524;8,1436;2,9507
9,7175;1,9417;9,3112;4,0496;9,6751;1,627;7,8275;2,144
9,7504;1,6304;9,9331;3,6537;9,5697;1,743;8,9948;1,9218
9,7899;1,5439;8,9772;3,7752;9,9039;1,5589;7,582;2,737
9,9147;1,9026;7,7759;2,8642;9,9605;1,8064;7,4001;3,7443
9,5043;1,6123;8,5093;2,0029;9,5493;1,5861;8,3487;3,2082
9,5527;1,5502;8,7561;3,4512;9,5154;1,5478;9,5654;2,188
9,8212;1,5915;9,7059;3,5876;9,9145;1,8851;7,1286;2,0455
9,9785;1,9198;8,4397;3,2659;9,9011;1,9817;7,4408;3,8491
9,8844;1,5696;7,9319;2,4927;9,8828;1,6541;8,125;3,4937
9,7953;1,8136;8,7896;2,4858;9,5354;1,8384;9,009;4,4028
9,6965;1,6653;9,7226;3,6192;9,9323;1,5091;8,8335;3,4469
9,7013;1,577;7,5113;2,6864;9,8995;1,8696;7,5985;2,2423
9,6932;1,6526;9,3935;2,3947;9,9119;1,5402;8,3087;4,1945
9,5242;1,8516;8,769;2,5566;9,7833;1,7176;9,0613;3,4971
9,8371;1,6162;8,2293;3,0803;9,8538;1,815;8,1083;3,4526
9,5454;1,9385;7,1134;3,4542;9,5537;1,6716;9,2646;1,8293
9,8914;1,5164;7,6875;2,7948;9,9242;1,5441;7,9209;3,252
9,923;1,6031;9,3402;3,8643;9,9709;1,5349;9,6716;2,4098
9,9994;1,8974;8,4222;3,7928;9,5885;1,8296;9,1452;2,4852
9,5931;1,6703;9,429;3,403;9,846;1,7696;7,5979;2,8681
9,615;1,9676;7,7147;4,2786;9,8074;1,8006;9,3524;4,2196
9,5404;1,8906;7,3799;3,6117;9,8832;1,9253;8,3633;4,023
9,9339;1,7101;7,3141;1,5224;9,6261;1,5485;7,6359;3,5184
9,97;1,7952;9,6542;2,6537;9,5058;1,725;7,1758;2,8244
9,7881;1,5572;8,6938;2,2341;9,9751;1,7738;9,1889;3,5528
9,6463;1,6364;8,3238;2,9947;9,904;1,7907;8,0636;3,2633
9,9331;1,6612;9,9066;3,5502;9,9384;1,5896;9,5701;2,0115
9,5333;1,6341;8,0453;1,9702;9,8168;1,8218;9,0776;3,285
9,5751;1,9639;9,7391;1,7895;9,8162;1,9517;9,4039;2,7932
9,5105;1,8324;9,1318;2,5265;9,5567;1,983;7,593;1,8522
9,6362;1,6839;7,9423;2,8498;9,9712;1,6339;9,4099;2,4503
9,7745;1,6103;9,1894;4,2742;9,6229;1,9804;7,6219;4,3261
9,6011;1,9567;9,1383;4,3001;9,5584;1,8358;7,7727;2,3381
9,9832;1,6004;8,7297;3,3152;9,8087;1,8695;7,2343;3,4347
9,9051;1,5725;9,313;3,0782;9,6053;1,5185;7,8497;2,6685
9,5574;1,9688;8,2874;3,9594;9,5776;1,6045;7,6304;1,6085
9,55;1,7665;7,9311;3,1554;9,8418;1,8491;7,2491;3,7012
9,6624;1,5114;8,1338;3,9373;9,7283;1,7412;8,3087;3,475
9,8199;1,9686;9,0948;2,9644;9,6085;1,5917;7,2509;3,3311
9,652;1,7116;7,6504;1,7093;9,6103;1,5125;7,819;3,7063
9,687;1,9553;7,3939;4,0337;-8,7748;-0,8181;-7,0356;-0,873
9,5058;1,8207;8,5357;2,7946;-8,7685;-0,6113;-6,8043;-1,4166
9,6262;1,5583;7,9416;2,5408;-8,733;-0,5151;-8,2848;-1,6616
9,5985;1,7135;7,9226;3,1393;-8,9879;-0,7734;-8,4044;-0,8481
9,6672;1,7694;9,6052;3,5248;-8,7479;-0,8247;-8,4095;-0,8868
9,6077;1,9171;7,3322;4,3837;-8,834;-0,71;-8,5331;-1,4323
9,9984;1,8341;9,5985;3,4263;-8,827;-0,7392;-6,7105;-0,844
9,8836;1,7146;8,9198;3,777;-8,8491;-0,9026;-6,4723;-3,0684
9,9082;1,6209;7,0294;3,2275;-8,9751;-0,6907;-8,3643;-3,4144
9,7326;1,9475;7,1574;4,427;-8,5498;-0,5682;-8,8641;-0,7038
9,8728;1,7906;7,5647;4,2025;-8,6919;-0,6766;-7,7769;-0,7646
9,7737;1,8975;7,5718;1,731;-8,9179;-0,5002;-8,3118;-1,3477
9,9752;1,6684;7,9187;2,9691;-8,5591;-0,5801;-8,4417;-2,9774
9,8715;1,7911;7,2145;2,8876;-8,9839;-0,9099;-8,4851;-3,4476
9,5852;1,8054;9,4599;3,7354;-8,9717;-0,8562;-8,6498;-1,2076
9,6596;1,6927;8,503;1,7583;-8,5514;-0,8796;-8,0978;-3,3731
9,9043;1,8751;7,8606;1,5761;-8,7454;-0,5935;-6,7343;-1,2657
9,5708;1,6405;7,3178;4,0254;-8,6462;-0,9862;-7,2295;-3,2315
9,6432;1,6584;9,8033;2,5397;-8,511;-0,6142;-6,6388;-1,9159
9,6021;1,9344;7,0138;4,4535;-8,8267;-0,5161;-7,1001;-2,3446
9,6868;1,6301;7,6679;1,575;-8,7213;-0,7932;-7,7383;-3,2976
9,9427;1,797;7,6075;2,7574;-8,6654;-0,9792;-8,1334;-0,9929
9,575;1,7891;7,2326;3,3195;-8,8091;-0,5718;-7,2661;-2,2799
9,5893;1,592;8,0521;4,1134;-8,9499;-0,5282;-8,3708;-2,795
9,9051;1,7717;7,2048;4,2967;-8,7257;-0,894;-6,8317;-1,1623
9,7405;1,5869;8,6463;3,0086;-8,5893;-0,8891;-6,984;-2,7461
9,9119;1,8412;9,4798;3,5657;-8,6055;-0,8321;-7,4038;-1,7181
9,6887;1,9831;9,3541;3,6642;-8,8075;-0,7349;-7,4636;-3,3914
9,5902;1,6756;7,2591;4,1422;-8,7584;-0,6394;-8,5324;-2,708
9,8965;1,9839;8,2386;3,2744;-8,8258;-0,9369;-6,2416;-2,2043
9,6307;1,854;8,1963;3,3639;-8,7486;-0,5214;-6,7501;-3,1863
9,9952;1,7312;8,983;3,8757;-8,9642;-0,9825;-7,4207;-3,3544
9,7893;1,9135;7,0228;2,2833;-8,6264;-0,5026;-7,0935;-3,0357
9,7158;1,5905;8,3527;3,4358;-8,8134;-0,9331;-7,8055;-2,4507
9,6979;1,6367;9,9015;2,347;-8,8329;-0,6522;-6,5504;-1,4733
9,8436;1,9022;8,2181;3,8614;-8,8242;-0,9593;-6,4504;-0,65
9,9629;1,8151;7,1227;3,7655;-8,7223;-0,6535;-8,5741;-2,6355
9,6151;1,646;7,6289;2,1412;-8,9367;-0,9448;-7,5676;-2,5292
9,9023;1,9228;8,1937;2,9321;-8,632;-0,8915;-6,323;-3,1074
9,5407;1,6449;7,7179;3,5381;-8,5437;-0,5338;-8,711;-2,4939
9,677;1,5694;8,4471;3,4889;-8,894;-0,9504;-7,5484;-2,4913
9,5382;1,5741;8,0728;2,9096;-8,8719;-0,565;-8,5558;-1,3732
9,5921;1,5991;9,127;3,9542;-8,8388;-0,6663;-8,3752;-1,414
9,8529;1,9499;7,5504;2,0208;-8,5784;-0,8679;-7,0107;-3,4746
9,8045;1,9792;8,0295;2,2329;-8,9966;-0,9368;-8,4527;-1,3182
9,6301;1,974;9,8638;2,2949;-8,5976;-0,6942;-7,2102;-2,9316
9,5739;1,828;7,5998;2,6577;-8,7003;-0,9089;-8,3516;-2,7446
9,7431;1,5851;8,3532;4,3175;-8,8081;-0,5201;-7,8655;-2,4548
9,6459;1,855;7,5509;2,3787;-8,7709;-0,8647;-7,2975;-1,0472
9,549;1,8966;8,1332;2,9495;-8,8424;-0,8381;-8,304;-1,9182
9,6432;1,9263;9,5864;4,0179;-8,8037;-0,7117;-6,9011;-1,0736
9,5685;1,6628;8,395;2,3601;-8,5156;-0,8241;-7,8088;-1,7475
9,8274;1,591;9,381;3,8232;-8,6575;-0,5018;-8,003;-0,6855
9,8926;1,8169;9,6982;3,3451;-8,5581;-0,792;-7,7809;-2,9303
9,5265;1,9824;9,4195;2,4203;-8,9553;-0,7273;-6,4504;-2,8123
9,9143;1,66;8,3323;2,4044;-8,8835;-0,6739;-8,8334;-2,4304
9,7883;1,9981;8,7721;4,0351;-8,924;-0,865;-8,7408;-1,2525
9,5075;1,9737;7,5297;2,9936;-8,5091;-0,8346;-8,0901;-3,4969
9,7591;1,679;8,2909;4,0544;-8,876;-0,94;-7,6749;-1,9381
9,7642;1,9212;7,0091;4,1407;-8,6958;-0,9368;-7,7344;-2,2455
9,6418;1,9106;9,8034;3,7131;-8,8803;-0,5078;-7,5771;-2,6123
9,866;1,9793;8,7191;2,0966;-8,9472;-0,6355;-6,6747;-1,4863
9,6686;1,9716;9,8124;1,5321;-8,8279;-0,5614;-7,4576;-1,6833
9,9576;1,9774;8,3771;3,4584;-8,9664;-0,8426;-8,018;-2,8329
9,7825;1,6631;8,8838;2,9206;-8,9251;-0,7397;-6,5719;-1,0942
9,5407;1,9168;9,0369;1,7042;-8,855;-0,584;-7,8362;-3,1496
9,53;1,9005;7,2832;2,8328;-8,7759;-0,551;-6,0275;-1,3225
9,9186;1,6601;9,4593;3,0953;-8,9021;-0,9994;-8,1224;-3,2047
9,6133;1,7337;7,3226;3,6831;-8,5254;-0,9061;-7,8717;-3,458
9,9129;1,7398;7,2613;2,8768;-8,6311;-0,5214;-6,6845;-2,9215
9,5331;1,6234;8,4207;4,0631;-8,6168;-0,6745;-6,3919;-3,1328
9,5525;1,837;9,4301;4,1133;-8,9152;-0,6776;-6,242;-2,2667
9,5311;1,6446;8,1847;2,0165;-8,6282;-0,6793;-8,2411;-1,4409
9,8482;1,7589;7,8233;1,6981;-8,6865;-0,6468;-7,9449;-2,6287
9,5546;1,6316;9,8825;4,2972;-8,6545;-0,9674;-6,3658;-2,764
9,5869;1,6125;9,8195;1,5711;-8,981;-0,8969;-7,547;-2,1563
9,5271;1,8808;9,4749;4,0682;-8,789;-0,7946;-6,7307;-2,3282
9,9383;1,8595;8,0735;3,7071;-8,5321;-0,9846;-6,8061;-3,0373
9,8516;1,9659;7,5845;1,6054;-8,5786;-0,892;-7,0324;-1,553
9,8131;1,9726;9,9975;3,4159;-8,8655;-0,8375;-6,3337;-3,3926
9,5764;1,7657;7,936;2,9817;-8,7386;-0,6308;-8,0284;-3,4809
9,9176;1,9549;9,9271;3,5737;-8,6639;-0,8689;-8,9279;-0,6854
9,8471;1,7094;8,2948;2,1316;-8,6193;-0,8137;-8,1691;-0,7474
9,6002;1,5629;8,7376;2,4353;-8,6817;-0,7602;-6,8218;-1,1368
9,6795;1,9412;8,9346;2,7065;-8,9355;-0,5624;-8,6855;-2,9551
9,7049;1,6589;8,954;1,7203;-8,8315;-0,9942;-8,0031;-2,9251
9,7522;1,9891;7,0941;4,4332;-8,9534;-0,8433;-8,1679;-1,0381
9,9009;1,9604;9,0579;3,7115;-8,8818;-0,8684;-7,9868;-3,4135
9,6647;1,5782;8,1104;3,3246;-8,7034;-0,5876;-7,7866;-2,3147
9,6369;1,742;7,5625;2,3482;-8,9768;-0,565;-7,8817;-1,9184
9,8449;1,7933;7,7495;2,0436;-8,887;-0,7656;-8,9823;-2,6069
9,6454;1,6625;9,6853;4,0648;-8,9026;-0,5598;-8,4094;-1,5771
9,8044;1,7458;9,4167;3,2654;-8,5682;-0,9888;-6,952;-1,5333
9,5754;1,7011;8,0866;1,9012;-8,9961;-0,5404;-7,7249;-1,2858
9,8612;1,7181;9,1849;2,4654;-8,5911;-0,6248;-8,4734;-3,4079
9,6711;1,9135;7,2073;3,1277;-8,9682;-0,571;-7,8568;-1,6833
9,9763;1,7219;8,6758;2,3271;-8,8865;-0,7705;-7,0192;-2,3919
9,9469;1,6958;8,2977;2,7549;-8,5004;-0,8902;-7,1764;-1,7929
9,7598;1,7233;8,7554;4,2236;-8,9456;-0,8357;-7,7754;-2,5429
9,9992;1,962;7,689;2,852;-8,5534;-0,9553;-6,702;-0,9848
9,8141;1,5759;8,1752;1,6035;-8,8036;-0,6206;-8,3781;-1,5563
9,8136;1,6725;9,0175;3,9497;-8,6698;-0,9562;-7,5423;-1,1086
9,6281;1,7757;7,0509;4,2283;-8,7734;-0,9836;-8,2372;-2,4184
9,5147;1,7592;8,1221;3,7612;-8,9537;-0,9877;-8,6546;-2,9288
9,9968;1,6834;7,6003;3,2049;-8,6935;-0,6262;-6,9274;-0,5389
9,9193;1,8502;9,8482;2,6083;-8,5521;-0,8078;-8,4418;-2,1321
9,9341;1,994;9,2233;3,1064;-8,5993;-0,9549;-6,8305;-2,3487
9,7033;1,8403;7,621;2,9589;-8,9197;-0,6835;-7,1659;-2,9865
9,9881;1,9902;7,3233;4,2235;-8,9432;-0,7492;-6,5397;-2,4747
9,6602;1,563;8,6112;1,7356;-8,5136;-0,8631;-6,4383;-3,2894
9,6482;1,8926;9,2939;2,0363;-8,9844;-0,7552;-8,8262;-1,2673
9,5614;1,5639;8,1036;3,145;-8,5768;-0,7304;-7,6271;-0,6157
9,5111;1,8476;7,7889;4,0328;-8,8549;-0,8775;-8,604;-1,6631
9,7111;1,5267;8,2405;3,097;-8,5272;-0,9042;-8,5898;-3,0768
9,5905;1,9369;7,0283;2,231;-8,711;-0,6925;-7,2631;-1,5336
9,752;1,5652;9,2691;3,4918;-8,7417;-0,8471;-6,1057;-0,7317
9,6669;1,6238;9,8396;2,3508;-8,5938;-0,5467;-7,7963;-1,6645
9,9506;1,8843;8,132;1,6171;-8,9288;-0,9282;-6,067;-2,1267
9,8638;1,7975;7,7671;3,7937;-8,9342;-0,6679;-7,849;-2,5383
9,6569;1,542;7,2853;3,7579;-8,7475;-0,9588;-8,9342;-3,029
9,8974;1,7197;7,0102;4,211;-8,9806;-0,668;-6,0212;-3,0751
9,9129;1,5401;8,7184;1,5881;-8,9236;-0,7754;-6,833;-3,4386
9,651;1,7449;9,1948;4,187;-8,5715;-0,61;-8,9743;-2,1412
9,9055;1,9317;7,6993;4,1471;-8,8952;-0,5028;-7,3659;-3,144
9,584;1,5563;8,3528;1,722;-8,5251;-0,5839;-8,65;-2,469
9,7497;1,6087;8,0766;3,7651;-8,7449;-0,9588;-8,27;-2,37
9,9269;1,542;9,7777;2,3279;-8,9033;-0,7372;-8,0151;-1,7539
9,7481;1,6226;7,5162;2,6894;-8,6655;-0,667;-6,3902;-2,926
9,9653;1,7574;7,0097;2,4643;-8,6515;-0,6929;-7,7995;-1,5227
9,776;1,5239;8,195;3,8935;-8,6044;-0,8226;-8,196;-1,4769
9,6576;1,6106;8,5644;2,6826;-8,6125;-0,6125;-8,3772;-0,6731
9,595;1,7324;9,6679;4,3396;-8,6166;-0,9419;-6,3723;-0,5462
9,9754;1,5214;9,1159;1,5521;-8,8906;-0,5975;-8,1104;-1,2748
9,6336;1,8008;9,0364;3,0007;-8,9876;-0,6985;-8,7138;-1,9933
9,5794;1,8938;7,8123;4,2316;-8,8898;-0,6519;-6,4909;-2,3446
9,9893;1,8763;9,7679;3,4098;-8,7464;-0,9283;-8,5085;-3,3289
9,9018;1,5455;7,8829;4,1903;-8,8092;-0,9388;-6,9314;-3,344
9,9688;1,9448;7,6817;3,0588;-8,8985;-0,5497;-8,5047;-1,3702
9,5399;1,9147;7,6118;4,1375;-8,9382;-0,8543;-8,7589;-2,3846
9,9664;1,5314;7,5702;3,4868;-8,6596;-0,7726;-8,1778;-2,9805
9,5897;1,684;9,2439;4,4396;-8,7861;-0,5812;-6,0804;-2,6304
9,7464;1,5408;7,0894;2,3818;-8,6378;-0,6692;-8,8879;-1,9917
9,7515;1,5089;9,6584;2,5199;-8,77;-0,8391;-7,3013;-0,8198
9,9386;1,9325;8,8821;4,0035;-8,6541;-0,9221;-6,339;-3,0142
9,6211;1,6648;8,6833;3,8498;-8,5484;-0,8823;-6,2457;-2,9169
9,5724;1,6117;9,4107;3,4013;-8,7718;-0,8246;-7,0504;-2,5995
9,8493;1,9772;9,1131;2,5972;-8,728;-0,5504;-6,3217;-0,6036
9,6686;1,7123;7,3711;2,8221;-8,8621;-0,6541;-6,516;-2,2412
9,791;1,8933;8,043;2,3626;-8,8675;-0,6833;-8,9929;-1,2006
9,7943;1,6512;7,1143;3,0541;-8,7765;-0,6854;-7,4635;-3,4553
9,9644;1,809;8,8912;3,8378;-8,9681;-0,7858;-7,6039;-1,2731
9,9959;1,5429;8,7891;4,2772;-8,9705;-0,866;-6,6117;-1,115
9,9165;1,7548;8,886;2,1548;-8,927;-0,6419;-7,4957;-2,2734
9,5763;1,9584;7,6508;4,0269;-8,799;-0,8482;-7,2035;-1,8758
9,692;1,9785;9,2574;4,0483;-8,6823;-0,91;-6,3305;-1,0058
9,5938;1,9022;8,7302;3,4782;-8,5071;-0,726;-7,1507;-1,3043
9,8237;1,8997;8,1918;3,9663;-8,9649;-0,5215;-7,4781;-1,4572
9,7426;1,8841;9,3275;2,0545;-8,6777;-0,5668;-8,8229;-2,3799
9,6798;1,7974;9,025;2,4176;-8,885;-0,7811;-8,4751;-2,7012
9,7514;1,9458;9,0814;3,2942;-8,9711;-0,7426;-8,7842;-1,7809
9,9952;1,7558;8,5468;3,7279;-8,5294;-0,6281;-6,6475;-1,8953
9,6;1,9969;7,6081;1,8225;-8,5353;-0,786;-8,3362;-0,6366
9,727;1,5366;8,2345;2,5344;-8,7744;-0,5561;-6,1915;-2,9623
9,9609;1,8343;9,4376;3,7402;-8,7143;-0,8482;-7,6161;-2,8227
9,7278;1,8336;7,6667;4,0895;-8,9292;-0,5676;-6,7985;-0,9882
9,5779;1,6269;9,5604;2,8606;-8,8035;-0,7032;-6,833;-2,6323
9,7914;1,8701;7,4002;4,0066;-8,7829;-0,6884;-8,3578;-2,1246
9,8385;1,8765;8,2962;4,3248;-8,9901;-0,8608;-6,6069;-1,8414
9,505;1,6762;8,2632;3,3198;-8,8484;-0,5743;-6,0566;-1,7075
9,9234;1,9475;7,6769;2,3843;-8,7568;-0,8186;-7,8613;-0,8806
9,8268;1,5643;7,5709;1,9678;-8,6703;-0,71;-7,6931;-1,973
9,9893;1,7565;7,9973;1,5801;-8,6529;-0,8898;-8,2786;-1,2262
9,7623;1,8257;9,0971;1,6925;-8,6022;-0,8867;-8,3592;-1,3604
9,5213;1,8303;9,7339;4,0433;-8,7987;-0,5967;-7,9207;-2,2715
9,7922;1,9033;8,8503;2,411;-8,8779;-0,9503;-8,4986;-2,761
9,6389;1,7953;7,4225;1,8704;-8,765;-0,8821;-6,051;-0,8924
9,6783;1,7869;7,2264;2,3789;-8,5652;-0,8233;-8,8582;-1,9851
9,5206;1,9451;8,5182;3,1041;-8,9265;-0,8487;-7,6825;-0,6524
9,7076;1,7299;8,6853;2,6192;-8,874;-0,9623;-8,5395;-2,1142
9,5222;1,5066;8,9439;3,3726;-8,6136;-0,7618;-7,6041;-0,803
9,8068;1,6923;8,3805;4,0688;-8,6182;-0,7264;-6,8403;-2,5639
9,7751;1,6617;9,7217;1,6037;-8,9986;-0,7434;-7,5708;-1,246
9,6622;1,8862;7,4741;3,3898;-8,6799;-0,8933;-7,0882;-2,2008
9,5133;1,7882;9,8478;3,7711;-8,5407;-0,7788;-7,0472;-2,3839
9,6866;1,998;9,1703;2,6644;-8,7994;-0,847;-7,4821;-2,6686
9,8158;1,9701;7,0509;3,0205;-8,6907;-0,743;-6,2915;-1,4556
9,7236;1,6134;9,5754;3,9838;-8,6608;-0,9431;-8,7963;-1,4908
9,6279;1,6753;7,7258;3,345;-8,885;-0,8251;-8,9388;-2,3138
9,8446;1,6909;7,5201;2,0304;-8,6564;-0,7721;-7,8833;-3,0601
9,8245;1,7182;9,8304;2,1553;-8,9357;-0,9346;-7;-1,8923
9,5694;1,5212;7,5994;3,1064;-8,9376;-0,7428;-6,7671;-1,3453
9,9071;1,5882;7,2855;4,1806;-8,9215;-0,5698;-7,1034;-0,5482
9,8706;1,7967;8,8427;3,2235;-8,9324;-0,7016;-7,6717;-1,4721
9,5678;1,7377;9,5743;4,0915;-8,7438;-0,955;-6,2987;-2,1926
9,8815;1,6525;7,3596;4,4473;-8,7223;-0,7105;-6,5899;-2,9732
9,961;1,6386;8,2671;4,3023;-8,5108;-0,674;-8,7053;-1,5191
9,8433;1,9796;8,4413;2,8185;-8,9126;-0,6227;-7,8733;-0,5303
9,9167;1,8927;8,2403;3,1609;-8,6323;-0,5955;-7,8073;-3,2006
9,5695;1,9425;9,4434;2,3353;-8,5831;-0,764;-6,2969;-2,1118
9,5978;1,8304;7,6496;4,033;-8,9475;-0,7341;-7,3369;-3,0882
9,9199;1,9107;8,8262;2,9121;-8,5196;-0,9827;-6,13;-3,3832
9,9532;1,854;9,5512;3,1795;-8,9462;-0,5609;-6,2657;-1,9929
9,9175;1,5418;7,8251;1,5013;-8,7186;-0,7758;-6,0645;-0,9446
9,9558;1,5048;9,9489;2,7904;-8,8167;-0,8725;-8,4523;-0,903
9,6854;1,791;7,4866;3,397;-8,6606;-0,8585;-7,9733;-2,3306
9,7079;1,7719;9,0449;3,1248;-8,8235;-0,7151;-7,9685;-0,6483
9,7087;1,6858;9,973;1,8379;-8,978;-0,7989;-7,8718;-2,9268
9,9175;1,5399;7,3888;3,887;-8,502;-0,9852;-6,2282;-2,1234
9,5769;1,7786;7,6616;4,1977;-8,5917;-0,7072;-6,4842;-0,5279
9,7841;1,8872;7,1658;4,1339;-8,8739;-0,7706;-7,6289;-2,162
9,9302;1,8916;7,2461;2,8237;-8,9546;-0,7185;-6,0829;-1,1906
9,5989;1,64;7,4056;1,5887;-8,9662;-0,844;-8,6154;-1,871
9,5429;1,8929;8,9158;2,3917;-8,5271;-0,9471;-8,9925;-1,2043
9,5032;1,668;9,4531;2,9138;-8,5215;-0,9812;-6,9557;-2,6946
9,6558;1,5809;7,9303;1,9977;-8,8198;-0,5902;-6,3476;-3,1738
9,7166;1,6164;8,4294;3,9445;-8,7079;-0,5476;-7,1345;-2,6885
9,9773;1,9548;7,0423;1,9596;-8,7397;-0,5963;-8,9214;-0,9182
9,7355;1,591;9,0261;3,8027;-8,9216;-0,5026;-7,6405;-3,1276
9,9682;1,9469;8,2206;1,6377;-8,7155;-0,8228;-6,4875;-1,5673
9,8694;1,7026;8,2184;2,0118;-8,5533;-0,6739;-6,8357;-2,3363
9,9857;1,9012;7,0585;2,087;-8,5331;-0,6423;-7,5732;-1,7539
9,7215;1,6713;7,1282;4,4721;-8,5785;-0,6389;-7,0155;-3,0431
9,8753;1,6955;8,3978;2,5787;-8,8903;-0,7721;-7,1857;-1,2528
9,6997;1,8854;7,7334;1,5103;-8,6267;-0,5811;-6,0674;-2,6869
9,9404;1,8859;7,8706;2,777;-8,9878;-0,8764;-6,7605;-0,7332
9,9938;1,7449;8,6588;4,2069;-8,8107;-0,5769;-6,2572;-0,9546
9,581;1,5133;7,6659;3,9938;-8,9294;-0,5081;-7,9869;-2,6885
9,9619;1,9349;8,6782;1,6618;-8,9457;-0,5448;-6,5687;-1,9006
9,8677;1,5615;8,5476;4,0218;-8,5558;-0,925;-7,2334;-2,803
9,5171;1,8;9,5201;2,0313;-8,5313;-0,7083;-8,0624;-1,6627
9,8738;1,5648;7,979;3,3568;-8,9173;-0,6312;-8,9798;-1,984
9,7446;1,9517;8,1682;2,0184;-8,6213;-0,5927;-6,7505;-0,6
9,6942;1,8807;8,8376;1,5048;-8,6527;-0,6467;-7,8971;-3,1027
9,9291;1,5154;7,6589;3,6563;-8,7277;-0,6894;-6,7468;-1,8071
9,8322;1,7916;9,3293;3,506;-8,7964;-0,6507;-6,5761;-3,3821
9,79;1,6882;8,8671;1,7503;-8,9069;-0,7828;-6,4114;-1,0173
9,8128;1,5858;8,626;2,4094;-8,6531;-0,851;-6,0965;-0,5709
9,6861;1,8988;7,9771;1,7526;-8,6526;-0,6618;-8,5465;-2,8704
9,8285;1,6229;7,6944;2,7534;-8,8585;-0,7455;-7,5588;-1,7639
9,5913;1,5377;8,1566;1,8892;-8,6966;-0,8163;-7,3063;-3,0813
9,628;1,9272;8,297;2,3136;-8,6825;-0,6612;-6,4231;-2,0332
9,9724;1,7288;8,1555;3,927;-8,8666;-0,8318;-8,839;-3,3064
9,9035;1,7457;8,437;4,3364;-8,5279;-0,9447;-6,03;-2,3544
9,9109;1,9702;7,3027;1,6389;-8,8654;-0,9898;-8,4993;-3,0875
9,9563;1,5713;8,247;1,6383;-8,6724;-0,5263;-7,6965;-1,3944
9,7106;1,5229;9,9607;4,0875;-8,7483;-0,9614;-6,3807;-2,3875
9,9996;1,8458;8,2564;2,9146;-8,7121;-0,7998;-7,4844;-3,117
9,6859;1,9048;8,2296;3,5661;-8,7454;-0,9215;-8,5766;-2,0593
9,5389;1,6087;8,5796;1,996;-8,8815;-0,6933;-7,2321;-1,8276
9,5952;1,8605;8,6399;3,5771;-8,8463;-0,8946;-8,479;-0,6845
9,9363;1,5619;7,5522;2,6986;-8,8265;-0,9289;-7,9487;-2,1461
9,8591;1,7125;8,9498;1,741;-8,8967;-0,6333;-6,1245;-2,9285
9,727;1,7085;9,7523;4,4258;-8,728;-0,5641;-6,7553;-1,4224
9,9744;1,8693;7,2727;3,0325;-8,5378;-0,8111;-6,4341;-2,1851
9,529;1,6964;7,0851;3,3394;-8,6694;-0,5609;-8,1852;-3,4977
9,9417;1,77;7,2761;3,6821;-8,8107;-0,8995;-7,2845;-3,2522
9,8304;1,5494;9,3681;1,9912;-8,6968;-0,6353;-6,7212;-1,7804
9,6648;1,5331;9,975;2,3397;-8,7739;-0,5418;-6,4338;-1,5692
9,5568;1,5222;9,2119;2,4887;-8,5577;-0,8303;-7,1323;-0,9919
9,7769;1,5249;8,841;4,0703;-8,8702;-0,8003;-6,1815;-1,034
9,6242;1,8472;8,7731;2,7314;-8,7159;-0,6505;-8,9478;-2,0313
9,7106;1,8383;8,2019;2,2641;-8,5173;-0,6384;-8,8521;-2,5652
9,6107;1,6096;8,2789;2,4718;-8,6917;-0,9374;-8,5319;-2,6549
9,9382;1,5359;8,3425;2,4314;-8,5767;-0,6394;-7,7734;-0,7636
9,8048;1,6941;7,2768;1,9025;-8,6868;-0,7039;-7,4761;-1,9895
9,7444;1,7367;9,7871;2,5884;-8,6323;-0,7477;-8,3773;-2,3341
9,7306;1,7892;7,6059;3,1216;-8,6662;-0,6494;-8,9649;-3,3868
9,676;1,8675;7,2706;1,6279;-8,5298;-0,5388;-6,6433;-2,282
9,8139;1,9297;7,213;2,722;-8,8639;-0,7753;-8,1579;-2,8018
9,8929;1,9644;8,9416;1,7675;-8,9987;-0,6821;-6,6443;-1,685
9,682;1,8897;9,0181;4,4311;-8,67;-0,8302;-7,1728;-1,1649
9,6707;1,9994;8,0751;4,3312;-8,852;-0,7556;-6,388;-0,6165
9,5009;1,7856;9,6451;2,8848;-8,5749;-0,7014;-7,5814;-0,8732
9,9096;1,8764;8,9361;2,5333;-8,9702;-0,5095;-7,6942;-0,9659
9,9043;1,5498;8,4581;2,7801;-8,7871;-0,5007;-6,0194;-0,7848
9,7786;1,6821;8,6692;2,4942;-8,5547;-0,8103;-6,7115;-2,1147
9,8439;1,5731;8,7143;2,4672;-8,7457;-0,8405;-6,7603;-1,72
9,6501;1,7206;7,3598;2,9699;-8,5328;-0,8047;-6,953;-1,5699
9,9371;1,7061;9,6817;4,4314;-8,6046;-0,7615;-8,9344;-3,3993
9,6287;1,932;8,662;3,8021;-8,6932;-0,8143;-8,4301;-0,6206
9,9764;1,8833;8,9035;1,6894;-8,6817;-0,6972;-8,5587;-3,2517
9,8612;1,601;7,952;4,2464;-8,6405;-0,7062;-8,3819;-3,4377
9,5264;1,5167;7,5181;2,9515;-8,8135;-0,5879;-6,5526;-2,3832
9,9883;1,7789;7,503;3,5493;-8,7293;-0,6041;-6,1267;-0,995
9,8994;1,7878;7,4455;3,1557;-8,9922;-0,7287;-8,0838;-1,8524
9,5946;1,6575;8,8847;2,4651;-8,6945;-0,9814;-6,7654;-0,81
9,6651;1,6514;8,4174;3,0488;-8,7642;-0,7821;-8,1256;-2,249
9,6249;1,5927;8,5572;4,3793;-8,5765;-0,8241;-6,9293;-3,41
9,7089;1,5901;8,9656;4,3291;-8,8687;-0,8691;-8,2309;-0,5873
9,9528;1,8909;7,9873;2,8605;-8,9584;-0,9828;-8,1548;-1,2168
9,8873;1,7749;9,7834;2,9972;-8,6367;-0,5634;-6,9763;-2,2712
9,6824;1,6968;8,6586;1,5176;-8,989;-0,647;-6,1056;-2,6016
9,8976;1,8951;7,261;3,6349;-8,5124;-0,5907;-7,0457;-1,3448
9,5328;1,9495;8,513;2,4956;-8,7065;-0,9675;-7,9857;-2,5499
9,8685;1,6442;7,6083;3,2073;-8,7916;-0,7208;-8,0176;-2,3174
9,9514;1,8071;8,8928;2,721;-8,9792;-0,6534;-8,121;-3,131
9,5241;1,7574;9,0748;1,7003;-8,5631;-0,6421;-6,3384;-3,4105
9,6904;1,8428;7,6969;2,0788;-8,7902;-0,6833;-6,2892;-1,4854
9,883;1,7125;8,7116;4,4394;-8,8772;-0,8146;-8,0313;-0,6882
9,7796;1,5254;8,3072;2,0274;-8,9822;-0,8562;-8,037;-1,1461
9,5702;1,756;9,6096;4,2236;-8,6697;-0,6924;-7,3376;-0,9341
9,8612;1,7323;9,2169;3,8433;-8,8303;-0,7825;-7,1545;-1,5602
9,615;1,8885;8,7489;2,7274;-8,9881;-0,716;-6,3528;-1,3706
9,7662;1,5067;9,891;4,0165;-8,5867;-0,6219;-6,501;-0,7962
9,6462;1,7435;8,9172;3,1254;-8,9418;-0,5949;-7,6236;-1,5421
9,5912;1,5891;9,6731;2,9677;-8,7163;-0,6252;-7,2239;-3,3154
9,6471;1,5234;9,9169;4,2287;-8,9955;-0,8137;-6,036;-2,1745
9,5431;1,6929;8,4184;2,4279;-8,9974;-0,6954;-8,1964;-2,5126
9,8128;1,819;9,0394;3,8979;-8,671;-0,9144;-6,3976;-2,9345
9,863;1,9983;9,9604;4,0599;-8,637;-0,7333;-7,8937;-2,0299
9,711;1,6077;9,706;2,4374;-8,8424;-0,7691;-8,3415;-2,5736
9,8645;1,7952;7,473;4,0951;-8,6504;-0,9331;-8,2828;-1,2339
9,5518;1,7127;8,3025;1,576;-8,6986;-0,7351;-8,8503;-2,7422
9,5102;1,6564;9,4257;3,7195;-8,6356;-0,934;-7,6273;-3,4729
9,7525;1,5716;8,2718;4,1584;-8,535;-0,6833;-6,6261;-2,8309
9,7591;1,732;7,2535;3,756;-8,9247;-0,9472;-6,8682;-3,1559
9,8349;1,5736;8,0963;3,486;-8,9783;-0,7201;-6,7281;-1,0612
9,9318;1,8228;7,4553;1,8039;-8,6601;-0,6634;-6,1232;-1,6969
9,82;1,6603;9,0662;3,929;-8,9712;-0,9124;-7,7813;-1,9063
9,9891;1,8613;7,2104;2,1214;-8,8238;-0,6975;-8,7271;-2,9755
9,9792;1,5392;9,611;3,3747;-8,5875;-0,8426;-8,1029;-3,3982
9,5857;1,9567;7,9024;4,0763;-8,5934;-0,7936;-8,8234;-2,0724
9,6492;1,8998;9,4537;3,248;-8,6941;-0,8552;-8,3245;-0,5072
9,5632;1,9436;8,8081;4,4152;-8,8444;-0,7463;-7,1442;-1,7275
9,6164;1,7174;8,0365;2,3098;-8,7508;-0,8995;-6,1047;-2,4612
9,7401;1,6896;7,2477;3,8895;-8,6634;-0,8477;-7,4505;-3,4951
9,5253;1,6842;8,5289;4,0741;-8,8029;-0,7788;-7,223;-3,1118
9,8807;1,8345;7,5901;1,5028;-8,8801;-0,9153;-7,4566;-3,2234
9,8173;1,5807;9,2811;3,6316;-8,9834;-0,5555;-7,2401;-1,5156
9,6492;1,5158;9,4802;3,1691;-8,9073;-0,8839;-7,2036;-2,6307
9,5189;1,7922;8,8652;3,3724;-8,8494;-0,812;-6,3606;-1,5328
9,5028;1,9792;7,5802;4,484;-8,9889;-0,7166;-6,828;-0,9944
9,5021;1,7906;8,0844;1,8167;-8,9727;-0,9323;-6,4508;-3,4539
9,6669;1,6238;9,8396;2,3508;-8,5938;-0,5467;-7,7963;-1,6645
